id,ASVM,GSVM,walking_nonwalking,normal_abnormal,ax,ay,az,gx,gy,gz
1,10.094166347720488,0.3326068215163616,0,0,9.974019014996752,0.6060295273793405,-1.7828141431581002,-0.1444776109370325,0.3294177986833563,-0.06205762788803475
2,10.038543323586852,0.3742374210843214,0,0,9.92447612257838,0.5952757596078512,-1.5434523679691443,-0.11459109065397942,0.3948292792635545,-0.03544592014613454
3,9.969730702891946,0.41293535319280067,0,0,9.739891054618091,0.5747551628610488,-1.3885656891237614,-0.04080157654867206,0.44793173314386,-0.0048648484706461615
4,9.891836810241868,0.4472558861519588,0,0,9.62715085687008,0.626099439580112,-1.4976690068025516,-0.03391564803809736,0.47210833261421226,0.015954712036138678
5,9.809401792154343,0.4763870788670849,0,0,9.677750763453817,0.6721939984860631,-1.5428666388851284,-0.058576863063581244,0.48529078025905775,0.02458414837202781
6,9.727122374425223,0.5002774562869403,0,0,9.68081224728252,0.6882980407727405,-1.4902468332084782,-0.09584513356709515,0.5035819045629867,0.029234534670223012
7,9.649592784916154,0.5196686715819181,0,0,9.625586928433732,0.6865270434390269,-1.432166871068744,-0.12104556852273624,0.5332701121418157,0.03551423215175923
8,9.581047645271276,0.5360292244026276,0,0,9.553381862455678,0.5206353630131632,-1.317605682264344,-0.11833180323038259,0.5558429315005519,0.04428498625736951
9,9.525091759349756,0.5513950953316177,0,0,9.430180457073247,0.39635719086697635,-1.2788583146687127,-0.07488114681056547,0.5648539069120285,0.049565505222202474
10,9.48442045947972,0.5681326441172563,0,0,9.287229375334094,0.3496936187924301,-1.2958803374075858,0.0001516097954039747,0.5506816679891307,0.050005755115793
11,9.460560836034475,0.5886490227095263,0,0,9.296328259846675,0.4312239857491431,-1.0928912847058458,0.06283616906846631,0.5390450757193846,0.058855540215577234
12,9.453682096839312,0.6150838038405468,0,0,9.311926485233444,0.35567495018086376,-0.8958390374341058,0.0893314360197627,0.5730383507660635,0.07915427459190788
13,9.462521812291216,0.6490189639177005,0,0,9.489464112344962,0.27148916061405065,-0.6766818307495139,0.1792621096311555,0.6071859656822094,0.10667655895609844
14,9.484455718790596,0.6912408322142304,0,0,9.750124058946026,0.20775319470076684,-0.5947010505190276,0.18828737009350494,0.6408202663572266,0.15023771013875775
15,9.515717059806443,0.7415791069946015,0,0,9.708216868313507,-0.09381601397392544,-0.44628107160534036,0.19269358854633475,0.7217770679165267,0.1917550022674072
16,9.551768653005853,0.7988391580321578,0,0,9.477460571005262,-0.5165234883045267,0.1823631184501015,0.18086525624569352,0.7258066114286246,0.2164495800629877
17,9.587858988503502,0.8608382163080789,0,0,8.908532362850417,-1.1942096222541432,0.8387662370215563,-0.03947373198769902,0.7901844932696281,0.18561163004001055
18,9.619834715257955,0.9245535916456771,0,0,8.01431808268596,-1.0060498720764484,0.15648441928043422,-0.2761794419440715,0.7998205792774695,0.1271114240445521
19,9.645279797799558,0.9863876567938468,0,0,8.784582108837816,0.07411451392781208,-0.6835681582725173,-0.48235801985632526,0.6919619281256527,0.0510261271840586
20,9.664937747990026,1.042544124078144,0,0,10.24868913793924,0.49543951654709567,-0.8477769542284159,-0.752397996215276,0.6516073542388908,0.04316209084930777
21,9.684132642869562,1.0894891973093825,0,0,11.469007316865959,-0.017908358544409666,-0.9204974614841979,-0.8258476771393723,0.6626905663057173,0.08361288271671083
22,9.713639613214019,1.1244409595672828,0,0,12.012501722408569,-0.3698222531429554,-0.4966400166748414,-0.7927230745167435,0.8543407725774773,0.13893558747415935
23,9.769359306332353,1.145799010700325,0,0,10.687552087998752,-0.5702239473533391,0.01144721303642003,-0.9059937597723084,1.1444560674124808,0.126065797657162
24,9.870367746544401,1.1534075331077918,0,0,9.460845225304325,-0.8522098347635739,0.5984783825976523,-0.811340309417077,1.2541911372560168,0.11296294437651168
25,10.035401904750875,1.1485546960968576,0,0,9.172366056750157,-0.9400455365332195,1.1647214800482033,-0.6041504121588129,1.1464283406873603,0.14403227026738596
26,10.278383390970228,1.1336608218970758,0,0,9.38164497010774,-1.1994932202133288,0.28621175089614753,-0.536345360034043,1.017841763685919,0.24096963419501607
27,10.603937034092262,1.1116912802241394,0,0,9.362829161600802,-1.2855965969192604,-1.2167322855016824,-0.21031246507665327,0.8491271230300164,0.35051601710616836
28,11.003920099709935,1.0854200672574215,0,0,9.800547835058545,-1.4586272526513526,-1.4062258791168927,0.09763748554229545,0.651335331130943,0.4083736320116159
29,11.455785373141364,1.0567301269318194,0,0,10.411681932661718,-1.9057252734498538,-0.7828519976422026,0.35947462482415365,0.4996944850061962,0.40940648221151127
30,11.923261253391056,1.0261415102229825,0,0,11.347654142944391,-2.1647420049133053,-0.5378739962219072,0.5706755747313909,0.3141698676365468,0.343614307679111
31,12.359434939290008,0.9927044478954126,0,0,11.329988866606396,-2.6016448387689373,-1.8400396643428583,0.8074593741778167,0.14083481452655797,0.26832708511721576
32,12.711935862997706,0.9542976169250483,0,0,11.398526866908021,-2.4326603773599027,-2.4459786368624585,1.087614989015473,-0.2454147357778602,0.22724011214047007
33,12.929574465155275,0.908262979712268,0,0,12.451752187875135,-1.9725828660212965,-3.101867412469944,0.9916990100300744,-0.3414685982402308,0.14947570301524155
34,12.969503589729896,0.8522232867732139,0,0,13.45589619344431,-0.7901788689669662,0.11978557023594888,1.0964228382548893,-0.5229524905393321,-0.010931558611903393
35,12.803747188078207,0.7848939367095608,0,0,18.102082926989258,1.521704988987967,6.31989561853028,0.4811446558180434,-0.41117967649733117,0.02182125678294555
36,12.423877070413532,0.7067219890085868,0,0,13.626583478209785,2.214288636890008,3.4753310732064646,0.7252498737037213,-0.13253815389685356,-0.048936601273718225
37,11.8428973201247,0.6202398106384888,0,0,8.712125301343379,1.0912947466539495,2.814523267473888,0.8742488867714194,-0.23977990454066822,0.06738688786369286
38,11.094095639926937,0.5300779181794825,0,0,8.419540008819078,-0.3516965837083007,3.4621866335066795,0.6229679782974393,-0.10265439809064025,0.31875615992841844
39,10.227470086517853,0.44262813647640326,0,0,8.376711097373564,-0.5442162961319584,3.7053145261246403,0.2701893564710457,0.06986976903988026,0.323633701901126
40,9.304846251471506,0.3653941434277542,0,0,7.509896995637761,-0.5738362220587683,3.2255709419079097,-0.060564336187941756,0.17881621577978526,0.16644149540839615
41,8.394717028500091,0.30611771306158325,0,0,7.87564378462143,-0.6909512125760271,3.0067491733873135,-0.016276217137919498,0.11231886273680762,0.041223189098615186
42,7.567361770996908,0.271809348071581,0,0,8.50481836915269,-1.2195602753473334,2.769448726814099,0.1709764164330197,0.09151801274781006,-0.028830204079806677
43,6.890301884707969,0.2678206220215622,0,0,7.573983597530827,-1.4911223291859372,1.5514069202770293,0.2949515656959009,0.047126124283885185,-0.07516611044263216
44,6.423872178338793,0.2970715757806338,0,0,6.873866291021519,-1.6877660562444763,0.968699281995744,0.3003764892953211,0.03046665517134356,-0.09231207439154718
45,6.216703964017571,0.3595096750371952,0,0,6.204594881948471,-1.4201980875464957,0.7056585839996405,0.3579705288501992,-0.01611514592363717,-0.13822925765529326
46,6.301162468643062,0.4518489143840175,0,0,5.877469523979853,-0.6991211334794937,0.6357018149383573,0.2926202671323316,-0.13354099032737254,-0.18641935233108298
47,6.689104830691045,0.5676259271731904,0,0,6.0600640402750985,0.4796093027830347,0.31268991501837956,0.1272797159657764,-0.22233998669828178,-0.21349258384340863
48,7.3685723701320285,0.6976042862243033,0,0,6.546713690388783,1.6225049315311761,0.7684553808268478,-0.14228859188319617,-0.27969942524677116,-0.18432990681744696
49,8.302120299766381,0.8305393714377284,0,0,7.0781665901719775,2.1281282224431184,1.8166461909466465,-0.6598182360461705,-0.2588186119511169,-0.10471841928475431
50,9.427416096398204,0.9542693807113384,0,0,7.980238885909913,1.8134260261505024,1.2248950723916905,-1.0272840543624198,-0.3712191790227291,-0.06287663525433719
51,10.660540911675309,1.0570266771606835,0,0,9.010422253240096,1.2148279937863453,0.6553381490283748,-1.0439871838278574,-0.36012843399505734,-0.04421558574715089
52,11.902135362805788,1.1287930035176847,0,0,9.914059378141918,0.9935282622031886,-0.2870984925991599,-1.3198480905451904,-0.49621842431989743,-0.09293586362207518
53,13.046138522614388,1.1624838718985795,0,0,12.561077690967583,-0.19995995805478906,-2.3782768603869524,-1.5346036186662222,-0.8149892599018574,-0.22056325115794792
54,13.990374652404778,1.1547608800039704,0,0,14.99541603576505,-2.0585902735782255,-3.9963160245885576,-0.9350429551929205,-0.905987775044401,-0.3317462165159122
55,14.647719563687316,1.1063389225154898,0,0,15.586366656249162,-2.1145801897751824,-3.702423787427113,-0.04034571965382727,-0.8591111837219693,-0.46322589807693154
56,14.956199511795248,1.0217647846577307,0,0,14.962667246077183,-0.48580817375179436,-1.09834034428981,0.24479587634258126,-0.8108230787385065,-0.4740596892442551
57,14.88631289282263,0.9087588835169487,0,0,20.516401488804814,-2.518568387371898,9.913933511231871,-0.018806150846577597,-0.2687644072280808,-0.5393665384447928
58,14.444195767729049,0.777288156420001,0,0,15.465549916874691,-6.146765647075283,7.717916524345347,-0.30733936886649355,0.028594851887132615,-0.6198824936037419
59,13.67000245221927,0.638552400713357,0,0,7.268485134438522,0.5751529007683208,1.676935261304611,0.2656081268395514,-0.15290662856599124,-0.4884648125332012
60,12.631988641305172,0.5040299481380852,0,0,6.5381424573235165,3.4875071155790027,3.7352590503604737,0.020895978377486486,0.08586275178531075,-0.2635097746068729
61,11.417887775013812,0.3846688748353671,0,0,7.713872757050276,0.9029192505797667,4.480812244775509,0.09073661484788646,0.022106393952254604,-0.42878927852618104
62,10.12561412121735,0.2902494069554444,0,0,11.195483680180633,-0.8259518327628456,3.1225892204289005,0.2187355925775803,-0.02082965964513633,-0.4166159874538598
63,8.854826561152064,0.22889421262213833,0,0,10.617179232759012,-0.7844914904851417,2.0433419764119827,0.08800161651927729,0.0836009260029623,-0.14008350095321734
64,7.699914949657401,0.20667465434172783,0,0,8.178989071500364,0.5432889099455366,1.2663019233380726,-0.27610370246670646,0.09844272583475096,-0.08799090322011348
65,6.744264397365855,0.2272583397557778,0,0,6.179224302210359,1.0704006863231044,0.6339740010728495,-0.5109755539246199,0.1146874499305348,-0.18487770650669622
66,6.055523653716521,0.2915642094379673,0,0,5.269502504284383,1.2008812292922657,0.7849412702853324,-0.42072401589269565,-0.03465185365578715,-0.19720726296861124
67,5.681832684522454,0.3974313655657558,0,0,5.0278477188680455,0.5756866325165402,0.35110886265185753,-0.20561556847943982,-0.18984693789555362,-0.15794083675290296
68,5.649183895216501,0.5393642429721235,0,0,5.317584802930585,-0.6675709504946132,0.15438325221072136,-0.04101684492744798,-0.24774041365710184,-0.09402132143678425
69,5.96011824781964,0.7084760949850776,0,0,5.822546627263695,-1.7385854169777206,-0.5744827046379167,0.14484605025139885,-0.24554276382592208,-0.0460793322810177
70,6.593829400866225,0.8927834361001887,0,0,6.348073565956658,-2.331491715908024,-0.446586658464475,0.3297190029011968,-0.21319441868472006,-0.08051985162982976
71,7.507588083226133,1.0779746452966708,0,0,7.584443613738399,-2.09862818199994,-0.05184784742821135,0.7431975183262312,-0.2149930397205677,-0.148563472700676
72,8.639299514736013,1.2486789671301104,0,0,9.443781954391206,-1.991315176389539,0.8284471978693934,1.1632538516676414,-0.15686533834162217,-0.18652396635790033
73,9.911007121721067,1.3901203127792139,0,0,9.3190786680802,-2.5633314455736333,0.12116753211600269,1.5936737900033444,-0.3551247649131298,-0.05610283512356103
74,11.233248862968583,1.4898984631850454,0,0,8.501576455556064,-0.8954762771102637,-3.643697063569037,2.460167662714332,-0.7499431611686451,0.1667430635009409
75,12.510297896917104,1.539554660533267,0,0,10.131129623288725,1.311974273810688,-4.133879962346131,2.194020855718389,-0.9664193744221445,0.3451164881355826
76,13.646354348929833,1.5356015316779275,0,0,13.363728498380828,2.2145276102740805,-3.4973700043274123,1.0610252949381422,-0.7374134642573293,0.3645998548579257
77,14.55258691071055,1.4798452425042097,0,0,12.618850933589451,2.04961018703603,-2.8561953500814012,-0.0689901834947052,-0.5787407841375859,0.09439465253831432
78,15.15456946899446,1.3790410265332937,0,0,14.164586746111036,2.0763993092423894,7.3917514947835965,0.6440835364047125,-0.5037608105256149,0.07974407471040858
79,15.399274227572352,1.2440792703016643,0,0,18.269949648494798,7.566320582529933,8.21891514594022,1.375834495551964,-0.45562271004373917,0.8459260212814297
80,15.26057246775192,1.0889111059155208,0,0,14.964705128337165,3.958709251565161,5.374469222999768,-0.8358779004328295,-0.2798935733811648,1.2066497392861124
81,14.742344113149437,0.929325819185605,0,0,8.509391395535156,-3.362872350582372,1.1445970795120068,-0.6915705584378065,-0.3615806530042945,0.7023644826546565
82,13.878829738467063,0.7816056076785987,0,0,11.059647995792696,-3.971135713072497,2.1998880949202126,-0.07225470619657762,-0.44760664255647425,0.6082914711031214
83,12.732442038446719,0.6610822710636154,0,0,16.88198018991294,-1.7610454078763906,2.401538667303061,-0.26432933601863917,-0.2052764696298993,0.523971296338091
84,11.38943985341908,0.5806823818636564,0,0,14.1104365877758,-0.6165939057536699,0.05058836881879496,0.023176622928012904,0.24840381532834196,0.25150329738744326
85,9.953671542335783,0.5496063953409591,0,0,9.1823208059965,-0.0743447819303958,0.527187582111735,0.15591927274128808,0.3556262388436991,0.0657725588503275
86,8.538512780213335,0.5723038773914085,0,0,7.637009902171896,0.2538321405283295,0.9828335013922528,-0.37032955987225324,0.29635140009478445,-0.08811807352166862
87,7.257449289528146,0.647881038767961,0,0,6.106460721978627,0.6380735745896134,0.2527064924247995,-0.5222137047874779,0.18105062666432695,-0.1417580652162932
88,6.2142220957450185,0.7700255572629728,0,0,5.573683582601425,0.9642071963392008,0.6972307347003595,-0.7177882520318345,0.08972366934563004,-0.2002501569873398
89,5.493663751245373,0.927477272368864,0,0,4.912977240028719,0.5140697441137185,0.12500026573259074,-0.8377331572977965,0.014692943562664809,-0.2185091288944685
90,5.154227224945109,1.1050254526227103,0,0,4.74776028613296,0.8358696425068198,0.02563268424220525,-0.8298997661441728,0.006633352988461919,-0.20328047117524636
91,5.222916332767462,1.2849751224048618,0,0,4.481362624809735,1.2211039212255446,-0.5467221142507108,-0.9493276013536701,-0.05987665208828523,-0.1660904745846312
92,5.693028139265836,1.4489848546406041,0,0,4.821442375226819,1.500069186560479,-0.9938702577108869,-1.2749433417522387,-0.15375305906544742,-0.11868275218875804
93,6.524863363534811,1.5801213855785283,0,0,5.484536779620561,0.6515407845777258,-1.9481131959540343,-1.71261619185393,-0.253898676362777,-0.06444298345257271
94,7.649332565690333,1.6649007037470334,0,0,7.005130192602731,0.05277183204872957,-1.328158152252661,-1.8344150692816499,-0.30410865514453433,-0.0006858156038268457
95,8.97415728550003,1.6950139522002463,0,0,9.558164051159316,1.3667765534797711,0.650521385547534,-2.4677556891959678,-0.04470801347846364,0.0757397806516149
96,10.392137707625384,1.6684101716956485,0,0,9.871310528274705,0.11032827597303538,-1.8934818395461748,-3.051771175696022,0.03279192075170784,0.032587623115135515
97,11.790765418181769,1.5894683984132085,0,0,8.55563916182129,-3.323817485769583,-3.243747906812589,-1.6570185215448134,-0.3847076935716751,-0.016545884285515913
98,13.062322357727664,1.4681624181013242,0,0,13.851831710375565,-3.317271278638117,-4.852952111888229,-0.37778521105729346,-0.8798921822614805,-0.21682661568944517
99,14.113499485956346,1.3183735468549793,0,0,15.912187144928119,-2.4521507434836427,-5.398064119149228,0.4027559068895031,-0.28207471161533637,-0.3008634895640899
100,14.87349110816092,1.1557394942123036,0,0,11.770345350738998,0.4087730539791206,-2.8398421009534673,0.3967801617655003,-0.012092168440111902,-0.14914511393741872
101,15.299562006562033,0.9955227898097972,0,0,16.188188703684315,-1.4741063167799178,6.480347326559056,-0.2442150500482144,0.47007808395022405,-0.2426362629833034
102,15.379310413098809,0.8508986777622768,0,0,18.233873230554266,-6.81457803893301,13.790771488680786,0.46458706325850385,0.8067716841464214,-0.7277626171983039
103,15.12924441440298,0.7318628803961428,0,0,11.844613004468538,-4.529163133878164,2.405426331331656,0.578167225677174,0.2549366942749272,-0.8310147733712513
104,14.589892247182208,0.6447569429084158,0,0,8.774072529706137,2.370697147821909,2.300315364157415,0.2308282505397954,-0.007914435143816172,-0.46593496075290697
105,13.818477508950824,0.5922892152424089,0,0,10.852584060978266,2.559680968016734,3.5943337733770013,0.1489896293312653,-0.392073396956373,-0.30232282661563137
106,12.88084955571084,0.5739061375975741,0,0,11.408584589893026,1.210230804776827,3.132624890543405,0.5968623293259822,-0.02625007687612707,-0.41329935837777826
107,11.844365454179796,0.5863936538502256,0,0,12.275278772436414,-1.0079725713562806,2.683053752547984,0.47198872949256915,0.046860078870839546,-0.3509301980248497
108,10.772759280881466,0.6246130836355851,0,0,10.567095858567406,-1.4159061300932638,0.7542909647893556,0.49164182468032136,0.10851700598820326,-0.19545043500583778
109,9.72321642251456,0.6822874225283131,0,0,9.052102541087738,-1.9159839208587712,0.9075992485061086,0.5849606481725431,-0.08426387279299233,-0.22292579818095773
110,8.745334969543439,0.7527601627377742,0,0,8.701670493556247,-0.7039506072379066,-0.33085202665814917,0.9690748197786314,-0.18650014053070557,-0.23215757209277835
111,7.88144331766581,0.8296526249584938,0,0,8.049143822360762,0.31280581009781294,-0.03232149601630071,1.0673040284605482,-0.21437983573462313,-0.22788712698371946
112,7.167681038781182,0.9073539155814614,0,0,7.433004830917756,0.9608177994972835,-0.5509302790061941,0.9540845995171879,-0.1545517501256319,-0.13550285147663668
113,6.635222655270302,0.9813055658526629,0,0,7.043233462540824,0.7585269204886721,-0.6664254853501929,0.8646144215294781,-0.054556677008194554,-0.07749166535784054
114,6.311028873816783,1.0480954300954206,0,0,7.566926601693113,0.09498297784416243,-0.3716767274984819,0.8947787590057483,0.007873525696248216,-0.04481847453150756
115,6.217587712393952,1.1054308075809671,0,0,7.785488027122491,-0.04725391931588542,-0.3339550876910943,0.8812216844801439,0.039544977320414634,0.021430669582009357
116,6.37129440697483,1.1520868721970399,0,0,7.367575753084512,-0.3540744048299408,-1.224515143483004,0.8874949515766792,-0.023444301712609448,0.07721682132028526
117,6.779436944153574,1.1879074051002023,0,0,6.829731245679858,-0.33042761822502137,-0.5395672117713736,1.1571097135489052,-0.10210684313292764,0.13535515489770747
118,7.43618476785785,1.213877879609571,0,0,6.085344251127037,-1.620699777056097,-2.2024777448072776,1.0789324812217882,-0.3181477366528748,0.15953982589345728
119,8.318424264690435,1.2322175909388011,0,0,6.371926446748765,-2.281605344467295,-2.268630185006765,1.5495994148370031,-0.27261790073350106,0.04906667611639759
120,9.382594880463047,1.2463750472482766,0,0,7.291451415734175,-0.8033742519696899,-1.4413789171272524,1.915742723072704,-0.22608192376843791,-0.10197797465501422
121,10.563730903771763,1.2607891090659722,0,0,8.638696127711231,0.31167653081117824,-0.7416030439795039,1.6256405318374085,-0.19219428410529327,-0.1457682040468819
122,11.777666354489591,1.280322818533966,0,0,9.365960280630535,0.7697714267938961,-0.3183471308586156,0.9361848818191927,-0.1505619431503727,-0.07113990270983031
123,12.926845414638699,1.3093870471354745,0,0,10.548394715979562,0.42170310690321117,-1.3757306785764043,0.9249747062294621,-0.12700488120850892,0.05065288039853136
124,13.909463480579307,1.3509008290132154,0,0,13.297872333627716,4.325652501856694,3.7856904064626287,1.5824686334259117,-0.0073387090034722265,0.17917673776027243
125,14.63085061159315,1.4053176768842175,0,0,18.422861043015235,7.046746643939989,7.3043494581410595,1.2170988803143867,0.19854852159340228,0.44921163789103347
126,15.015319270075473,1.4699554328400692,0,0,15.544310347506906,4.480635982847889,6.528219260935473,0.35721556807703897,0.4292124543940219,0.7087783143140256
127,15.01645934894076,1.5388277384439537,0,0,9.564386032447846,-0.9613379181691972,0.7404276240509755,0.48605479244655564,-0.27978425570908133,0.5006956091798229
128,14.624238301523492,1.6031106456123585,0,0,15.144709016070532,-0.7106864873233686,3.653796643249469,1.635639813811427,-0.08235868873203035,0.4431594655973709
129,13.867955622973144,1.6522743868023595,0,0,18.707596156722875,-2.076649878121112,3.1754871434592147,1.2230069589188475,0.28381394933216875,0.6220845920333613
130,12.814619508658813,1.6757616545663123,0,0,16.278010955390588,-2.032274905382688,1.2689574699360942,1.746448467261173,0.3638115047385015,0.47407732361189947
131,11.562614501777436,1.6649400530585128,0,0,12.113802695901363,-0.9921162753914106,-0.04616855222954588,2.2548690139374234,0.6513849951805587,0.33734333417168255
132,10.23102627768644,1.6149568672821708,0,0,8.090525007625104,0.24722567940833406,0.38123722191490966,2.2442595694184297,0.8589720300867855,0.3791587701957934
133,8.945858816951965,1.5261192099058438,0,0,5.866089279166004,1.183300961015324,1.27423684020894,1.6178330527983706,0.6787657662959582,0.3756943069639456
134,7.825224397853636,1.4045242780881484,0,0,5.092142793200505,1.0019354300705918,0.23521367111744362,1.0593756663372156,0.45255810583955297,0.31845291560154904
135,6.965889155725879,1.2618454497692564,0,0,4.807689347867743,0.7406681200665854,-1.019006540472143,0.8733210266917225,0.2761061372924013,0.2910757090267393
136,6.433171550047185,1.1143661419416127,0,0,5.669326910342232,0.5825624177548817,-0.8714683762405275,0.8621491568796773,0.060875696914194366,0.28167210474688525
137,6.255359481324903,0.9814652574807563,0,0,6.563087616189807,1.1470401365493588,-0.5838270045183489,1.1045665932668862,-0.03368799458569247,0.269032791623496
138,6.422899965022481,0.8837719209955945,0,0,6.775081637930648,1.9595238241045783,0.41011798696946,1.0125736007460797,-0.086688998418593,0.30830985699530444
139,6.891908589336038,0.8411657390141714,0,0,6.156160982787315,1.943923515288769,1.4581233050365892,0.7988557760185033,-0.19673387264019135,0.4175202694526134
140,7.591163338492596,0.8707644587801207,0,0,5.67288975618646,2.131657075261245,1.5671069469502816,0.8629880487041087,-0.3616295718759401,0.4006843694739315
141,8.431624781268384,0.9850460340936494,0,0,6.964364543073406,0.7970476411987304,3.308623153546058,0.7229584551630241,-0.3705840960504698,0.36011528005005505
142,9.317479188137414,1.1902874823689835,0,0,8.156542591762976,-2.110245576798728,4.5726136689219254,0.4119127772751114,-0.29718663359406633,0.3454105193353148
143,10.157580945328228,1.4855344928838057,0,0,9.469466575116725,-6.118005708681219,2.310046577573566,0.1424572953966653,-0.4105159708671238,0.14641409455616175
144,10.875989298618405,1.8623002379641884,0,0,13.913102098895337,-5.585386128959113,0.4161029601698708,1.8469352975737179,-0.2862432825837758,-0.0830534471927156
145,11.420227394777964,2.3050951591866666,0,0,11.442997725648185,-2.004689414305841,-0.33518008884681705,2.7592694473044928,-0.1336079353723311,0.06518464950165374
146,11.766124766028582,2.792724587426714,0,0,10.19392699971759,-0.35873048339852537,0.3879150289728637,3.100958192083645,-0.23813176206831763,0.296116748437775
147,11.918640526888847,3.3001344269484165,0,0,13.968436188397538,-1.2124716639552164,0.7083069048083969,3.5840156757184767,-0.2522960520425884,0.3201263254901066
148,11.908681763187433,3.8005213986335296,0,0,13.683741067458556,-4.284331947213967,-0.4170412508182035,3.718785787662618,-0.016054868005374034,0.2507863413165923
149,11.786416222787462,4.267468988371302,0,0,10.977811338603711,-5.260415760033976,-1.987809837881942,4.061528201656447,0.05523500633498928,0.29744850873479733
150,11.611962805112274,4.676964119241322,0,0,9.80299382422828,-3.8468680072509813,-2.3809953328121716,4.3132570207832535,0.10912122001649534,0.2950086377983716
151,11.444772630133542,5.009218337524689,0,0,9.29537548311555,-2.8249341985864533,-1.9130725731285496,4.670687504610761,0.15899630500846684,0.27649800369810773
152,11.333441340998137,5.250220418037272,0,0,7.691920778347304,-2.88771437437244,-2.091111989971586,5.377217852609181,0.23557339292253943,0.3916728280121462
153,11.307878698779612,5.392889752251525,0,0,6.191022540156143,-0.480935461516021,-2.949815770711684,6.29502953320695,0.402649474706373,0.5494688652421895
154,11.375501148256367,5.437628699891335,0,0,7.117948051810367,2.1312422876339796,-0.9312525569593925,6.350052041573852,0.43409650052498444,0.7189592848299272
155,11.522354583660691,5.39206122800801,0,0,10.652712212807563,1.8702523072556128,0.6701649599927352,5.245874719238909,0.6707325363062332,0.8989578604974565
156,11.718911752883605,5.269850083050603,0,0,13.239594915917236,2.047153052215091,-1.4494332374492391,5.103848469206871,0.7720676173235177,0.9470636409394043
157,11.928998451632655,5.088687163478908,0,0,16.135690260441102,8.663132191475714,-0.8499886415770613,5.376497662015954,0.98284905201091,0.9684754609324007
158,12.119343726817995,4.867765151806054,0,0,15.362958205366514,6.596580036488395,0.2878545408048138,3.3571733563883375,0.7333114796951601,1.003139823698839
159,12.267077278162358,4.625178931773936,0,0,13.02203477551144,1.601013270209498,-4.503160362406534,3.7857007226358004,0.4323459186481433,0.9515279550745481
160,12.363264173045138,4.375732989181461,0,0,11.7273035537473,1.3899401527943898,-2.1290885874591803,4.106334870964673,0.2820177987343098,1.0473893586567589
161,12.411953479659534,4.129536011432663,0,0,10.612117610069769,-0.26515310079180804,-4.193482823871779,3.4333390067780947,0.0976211319635253,1.165023309568364
162,12.42560369145214,3.8915695666068975,0,0,9.720128891878053,-0.22301280909896867,-4.422708146788028,3.7456329520598803,0.1552680296245892,1.1228666275887582
163,12.41862282389373,3.66219155597812,0,0,10.448117181672233,1.616220411417058,-2.8523325362835172,3.858161508518466,0.1830389908944561,1.076473459082503
164,12.400985880675707,3.438351172397342,0,0,10.02162454338565,3.795769283899673,-1.6228645053556898,3.607711564538091,0.3055592796434571,0.9738091465971536
165,12.373620239790108,3.215190227571462,0,0,9.260243379042905,4.9777078414877165,-0.8422555780512941,3.3385508296457944,0.2674097853552836,0.7968581192613494
166,12.326700158307618,2.987693699132615,0,0,8.963368159837195,5.147427930916732,-0.6781130781076912,3.1625203929963406,0.20079397991117118,0.6645492754531096
167,12.241315683808804,2.752114858885925,0,0,9.76157907599845,4.759851948288199,-0.47731933991564257,2.8187924944289042,0.024990039603072493,0.5228975364137523
168,12.094249736439666,2.507002514377757,0,0,10.893072658957896,4.830963529953207,-1.8371532158079198,2.387366502814924,-0.08039102744497756,0.39022771452788796
169,11.864861927849196,2.253761582960277,0,0,11.803696322289767,5.196081555577173,-0.45190873379449714,2.095398686597758,-0.14661094190779494,0.21556540077954964
170,11.542442184498052,1.9967565955819124,0,0,14.769526025455638,5.044113150682242,3.059868590566353,2.063558098693294,-0.0852432442045336,-0.011381536161084296
171,11.132039862759294,1.7430085762962035,0,0,15.060240301743647,4.250466623108492,5.749075100313055,2.063915579523558,0.03864793459489568,-0.11978099612240733
172,10.656910755444935,1.5015463374941453,0,0,13.128883005961514,2.570514120910441,5.830191427110581,1.4822919050867542,0.04920847055068496,-0.04336281120208853
173,10.156504828984634,1.2824787255055203,0,0,9.218750301625773,-0.3424531709279349,2.7705179150765766,0.9656550435205454,0.17123742390868302,-0.08752689983194811
174,9.680251336488082,1.0958738873166027,0,0,4.374175017915103,0.42188218633775215,1.1407299129712554,1.345333337805234,-0.0422737922437471,-0.1206965406342454
175,9.278832734485226,0.9505576751541553,0,0,3.056465299414264,0.9086376302111725,1.2839692197080104,1.0751763314938216,-0.11018744960683353,0.08514756643174488
176,8.99550270457259,0.8529589899993729,0,0,5.061911501127623,-0.7084284908884363,2.0789577571314917,0.5170088526260282,-0.14138116026212136,0.3092438455227686
177,8.85982198299253,0.8061360580894987,0,0,9.516245356828387,-0.41833767212628703,2.1032413696769514,0.23657042698551026,-0.12944239662477092,0.4317648352184866
178,8.885054583771963,0.8091205148403181,0,0,11.358313367567218,0.44997918102410983,1.138838443539121,0.3458976293201961,0.0136239279270877,0.399594559371427
179,9.069023621666314,0.8567015619957993,0,0,9.659708772140766,-0.5259947238388717,-0.518711308777713,0.5490906535409484,0.07741286552608295,0.4211618138346843
180,9.397195177250138,0.9397201303342583,0,0,10.092530903854842,-0.7372349785083608,-0.3333686608227396,0.7834730082170888,0.13889327607000643,0.6400041528665973
181,9.84646103147761,1.0458589814228707,0,0,12.041639880962279,0.5919846483926349,-0.7166448321699788,0.7644042082421307,0.21582324221514199,0.7702849225193191
182,10.388359049982835,1.1608310215091344,0,0,11.615834643629213,0.8039661301045248,-1.1938882161957105,0.9186973935931227,0.23520794935867492,0.6771985132051579
183,10.990981205941766,1.2698142521592963,0,0,11.831474179218068,0.1935051964088035,-0.925890079726677,1.0898895134594278,0.12481438805304185,0.6138692031020595
184,11.619396921307679,1.3589636676490813,0,0,11.791961391623408,-0.588869815392969,-1.3052787616256225,1.214033904228043,0.02087549491570805,0.6047738498126258
185,12.235005777254116,1.4168333509190423,0,0,10.460348183748835,-1.304974198656654,-2.3553428461589254,1.3200630115003407,-0.27254848703140216,0.5357938916504696
186,12.794736205632278,1.4355496718193868,0,0,8.860029510657371,-0.9123588318016616,-3.267796212678447,1.748871226328836,-0.6360841636382041,0.32823296157673454
187,13.25126806970069,1.4115872032258747,0,0,9.898203494239013,0.4897344274195711,-2.62960575372775,1.1619968084121308,-0.9893139094127569,0.17812977945995975
188,13.555319486461663,1.3460269008002934,0,0,9.175061834066454,0.33632872179860407,-0.8841607562014102,1.4619975056830334,-1.1634159952052672,-0.06084472957375953
189,13.660428578406906,1.2442381393661839,0,0,14.657666862559834,4.408572412229423,9.97289841311577,1.2815016467858396,-0.8657369682518445,0.18010833580944519
190,13.529708700692547,1.1150259755540282,0,0,14.814124554425232,8.559984279260998,8.345506860421496,0.047346231755641524,-0.12181668442252647,0.33563956617365126
191,13.143169680003261,0.9694020424389281,0,0,7.480510810501746,3.22930051100132,5.09516961164519,0.3692219388343121,-0.47713809741600116,0.040892605251354346
192,12.50386559493667,0.8192251894765747,0,0,12.338478733228836,-2.570529996832561,6.338491840940612,-0.10088644675544522,-0.6280062409025221,0.4268953514173788
193,11.641466268852085,0.6759672297701889,0,0,11.67356379303776,-3.728840039853126,4.909670249491586,-0.044945029946585675,-0.26287080503101934,0.4163815370785276
194,10.612474909011931,0.5497839130870347,0,0,11.310175944040637,-2.244019314984809,5.430459987387505,0.11183391483012425,-0.11070248040069852,0.15551588801356298
195,9.49684661375475,0.4489566775214704,0,0,9.497422244172581,-1.3989765813691761,3.143202082028319,0.5314777382395725,0.0496452030459305,-0.008830668047668121
196,8.391205725519777,0.3796644399921152,0,0,7.676937810184065,-1.453236409626159,2.325245394628169,0.7022408701413335,0.01602188453550606,0.024775914046980606
197,7.399354547026268,0.34596642044733517,0,0,5.954263626023631,-1.7512453876105187,0.6289315003086828,0.7657842263792134,0.036363955699637227,0.05900706791285627
198,6.621248717036446,0.3498405307677842,0,0,5.124615300498618,-1.0700543641978253,0.5935446645066481,0.6882480842887282,-0.032538825074471193,0.051265302928649226
199,6.141890329732478,0.39114702220669223,0,0,5.34953605591482,0.18218483180269232,0.7991121132271936,0.375857481563775,-0.13214520297314908,-0.00024366494130028096
200,6.021557705639083,0.4674743107440023,0,0,5.418368933321607,0.8416854358924077,0.33801990923280323,0.13319658574456705,-0.19424479948877288,-0.0636901864411739
201,6.288509680206762,0.5739368868209433,0,0,5.368620010798638,1.2604150094683104,0.5618123565419557,-0.02199704989574098,-0.21374959462044368,-0.05051851506445524
202,6.93491333929838,0.7030791572301625,0,0,5.644394800161682,1.9670181909610758,1.5574501162201255,-0.10041927402899062,-0.2713556198805337,0.01531211050348797
203,7.916362732409423,0.8450536750392907,0,0,7.187375131786325,2.1327659691899012,0.9618986868837133,-0.7092514773430542,-0.28541208125863116,0.04007113994302696
204,9.155020708118998,0.9881824617288947,0,0,8.857644196598587,1.158014197981488,0.2400214600834544,-0.8681867280413939,-0.1475370863263783,-0.025670289652014875
205,10.546119078365153,1.1199047534793904,0,0,9.45097051167401,1.2705022537509143,-0.8525116829190837,-1.081539475388943,-0.3628259247255405,-0.006401013271921673
206,11.967286958839642,1.2280068799276969,0,0,11.066947803794749,1.0645230486118882,-2.2591643990154546,-1.5827192705692366,-0.6384720277624285,-0.018634377861002
207,13.289935117172048,1.301956610731859,0,0,12.144500849460794,-1.0385217357837697,-4.613860449698091,-1.0432265065727373,-0.9661010013260615,-0.09973645057164511
208,14.391685281555025,1.3341445396360692,0,0,14.469322196408365,-2.6894972349698514,-3.5424396493825276,-0.3851810215237721,-0.9866592108564848,-0.18805147875325798
209,15.168598381679061,1.3208658869880814,0,0,14.261273534500235,0.7603442328717206,-1.434909914037758,-0.01569008641145963,-1.0988999549514926,-0.21461449005640862
210,15.545780790611737,1.2629277112531583,0,0,19.57591383832323,-2.459718427974983,12.881557332052045,-1.9427599951328718,-0.24061339106869636,-0.3986692826322962
211,15.484958158323455,1.1658035891525538,0,0,16.36679232894817,-7.068695148605724,10.25629348704511,-1.006724664494782,0.28916294525954733,-0.9782332290531106
212,14.987996559503516,1.039281691779011,0,0,5.559525118643367,0.5736844344131576,-0.24911163781828463,-0.06231912021635868,-0.3123145491223989,-0.8528630415110895
213,14.096196846747114,0.8965981713593366,0,0,7.945997432187765,2.083766966719349,3.6432664846863974,-0.1347120210019197,-0.2708402310758716,-0.6931314880789962
214,12.886097601391677,0.7531263206277806,0,0,16.28692295145254,1.273604290248881,5.017576441917773,0.278730272108982,-0.407570516046154,-0.7483016499257948
215,11.462798528517425,0.6247661179039603,0,0,16.612339698873544,0.7009597619062097,3.4213122439892105,0.42865830434716495,-0.2501939774003169,-0.3682773342918894
216,9.951329121998793,0.5262151101572392,0,0,10.591241932067334,1.5517978292644456,1.0927487142318357,0.4096175699050982,-0.24088310788543887,-0.10922941679375746
217,8.486093320839426,0.4693076629287942,0,0,8.534374321806183,0.4007997149431172,0.39864900258656155,-0.25114809459822635,0.060657278079708575,-0.10447127354428679
218,7.198638103400702,0.4616067896157101,0,0,5.342195340221757,-0.2467027552771021,0.8900330120526688,-0.3511738335237653,0.17759533069304306,-0.0281553393472109
219,6.20476371579261,0.5054230425555297,0,0,3.820944263428336,-0.39566726829836524,1.4083303687052409,0.05221104892422513,0.012153157411677362,0.11514731574957697
220,5.592638083755968,0.5974066917871526,0,0,3.322916677523887,-0.886061692841749,0.7490833559377109,0.19048648104536375,-0.2015058127250519,0.2593755314649404
221,5.413676506529075,0.7288049923630026,0,0,3.4903041352967303,-1.9681628455238973,0.5880252771498921,0.28915721696867275,-0.19551094660702276,0.3172340569882317
222,5.677529756193325,0.8863959339308242,0,0,3.6825681773250625,-2.2527781713536505,0.05159794570552642,0.649902549828933,-0.20602866976368067,0.2784730317070986
223,6.351823243306772,1.054010992102498,0,0,5.052870894973901,-2.052054700515402,-1.4323339088200349,1.1164171279855766,-0.2522015949582256,0.1614630662729132
224,7.366532776520779,1.2144586332135296,0,0,7.435906722795791,-1.6187401056821789,0.3206511802237994,1.3919581426377872,-0.1729886575560963,0.008667975263682896
225,8.622220490361022,1.3515805139667858,0,0,9.558561867024101,-2.98834799433102,1.5370263429458562,1.3803479025869176,0.05659760218342125,-0.14291968969287694
226,10.000882976944576,1.452134045833092,0,0,9.78356963040436,-1.8387913430647123,-2.4623795240988646,2.4293954765973456,0.020386774498906652,-0.2034391328974413
227,11.377945785012681,1.5072122169298103,0,0,10.685229089019412,2.980242868276526,-3.9768738906635948,2.4256310240777244,-0.2825178049597737,-0.04557397978434189
228,12.633980834252347,1.5129974533423418,0,0,14.161209693751015,5.337104128411917,-2.7450163369280474,0.8664573229658538,-0.2592277469907171,0.12030410614019968
229,13.664959797329097,1.4708046533503838,0,0,12.78278813849185,3.351520818723605,-2.6394552320195737,-0.28748780264303087,-0.5720458380258707,0.009415700878354957
230,14.390205819126004,1.3865531061845682,0,0,12.999849153490503,1.0293174020716036,1.9109380344302815,0.3610008457891663,-0.6010545468721971,-0.06746509754985568
231,14.757601436540902,1.2699146165255235,0,0,13.333021884093245,2.1601149254130037,7.0557222196873575,1.5526713395082383,-0.5390953498241523,0.2264946825474625
232,14.745958109383126,1.133343682953521,0,0,17.2967434447725,3.844303858249089,7.194044627916204,1.131130731254957,-0.5564622409039323,0.9148099707690736
233,14.364691590506437,0.9910533605344991,0,0,13.16206276649292,0.9400638738604867,5.665252009645604,-0.9375379789870645,0.11709418401692391,1.1073760347361021
234,13.651170088188447,0.8578860323281299,0,0,5.86101710211193,-1.6381014528144242,0.3893792754661264,-0.5411354677121667,-0.22047315990461683,0.5943980093258646
235,12.666394688490813,0.7480257590396927,0,0,11.492971130217947,-0.47338116105634387,3.0763508607535,-0.524193782449744,-0.38626567324871913,0.4675476789649816
236,11.48982440666181,0.6735881807870299,0,0,15.678110810840352,-1.30039516071893,1.204720288035879,-0.5642014646085194,-0.2733464589505817,0.29657783412324745
237,10.213878414043972,0.6432305793323828,0,0,12.07722538095701,-1.0310002258594446,0.3435269564405344,0.06278802171534209,0.14979230024406634,0.21792941161777388
238,8.93810186306838,0.660993027917544,0,0,8.367720864443958,-0.6063347339126839,0.3842481918336063,0.31337167136301497,0.24011859779255687,0.12054337046719386
239,7.7627161702623475,0.7255945268090065,0,0,7.5534964202426815,0.159078639862422,1.5146960612587823,-0.0150839193792226,0.211884768674378,-0.01562314167238717
240,6.781523035122699,0.8303655718376058,0,0,6.266905084174717,1.1773499003670282,0.8889179218611593,-0.6046031221768168,0.07127368839883426,-0.09213437128188603
241,6.074583118363846,0.9639052930944084,0,0,5.526232885452727,2.1163001336326603,-0.026319520556306625,-0.8159581457987276,-0.04815455415742737,-0.15801154884980725
242,5.701373632003652,1.1114235490420061,0,0,5.321320033384242,1.7365543552130513,-0.34721981634836413,-1.212641677625436,-0.13554381887096387,-0.1857042491800341
243,5.695177977738475,1.2565976179959524,0,0,4.9750125503383655,0.8851898788421736,-0.4886359031717964,-1.3620468746472287,-0.14533711601812493,-0.16666751311769637
244,6.059389993755066,1.3836743410331394,0,0,4.581511566737151,0.4390149107699897,-1.7206416919022232,-1.5889844707418237,-0.23042192088200253,-0.12622579278947954
245,6.76629742706693,1.4795036857480957,0,0,5.083361428612807,0.2524513791141768,-1.8605139398714095,-1.6234530134399905,-0.36607084211161367,-0.04145998444295961
246,7.75872646243811,1.535199947565925,0,0,6.639551212192513,0.9864268925274348,-1.7093236986825497,-1.7341982824747761,-0.2994443064647014,0.04306574553344115
247,8.95464159277237,1.5471799401325643,0,0,9.191901826903882,0.11721711876850631,-0.6687116798011098,-2.555573294191089,-0.017591529076818664,0.08964531033930076
248,10.254416860002044,1.5174154112275133,0,0,9.979250299252481,-2.0017921233151013,-1.0191154762213022,-1.9057093917095582,0.1732455156196455,0.16233902588444218
249,11.550114946143644,1.4528659734144556,0,0,9.937435306496596,-2.718115992582743,-4.501851915494626,-0.9503082443003811,-0.13390824654295508,0.04574279433651341
250,12.73583065085203,1.364228400371203,0,0,11.239143524575772,-3.214454270864858,-4.082900671716885,-0.34951587522064986,-0.4094734550719364,-0.1422214691444621
251,13.717997713566753,1.2643000513441403,0,0,11.269046906881277,-1.3434021071979945,-5.112910592135752,-0.05807617665770698,-0.7983518321832621,-0.22766899783341407
252,14.424458279289174,1.1663221030836568,0,0,16.58798622632759,-0.38609178542028544,4.3875211839250605,-0.4898502164802305,-0.4063912078053911,-0.3616411694143079
253,14.811012492292857,1.0825947740986157,0,0,20.64307046154147,-5.758415112027134,13.25248731048334,-1.1996882386048926,0.5532592862124119,-0.8391722777005514
254,14.864249670452741,1.0234872873669718,0,0,13.73843606332338,-5.700086470600501,4.4477819931547184,0.2181919193141473,0.1534434209922361,-1.3488753596242162
255,14.600033803038569,0.9968025506033416,0,0,7.860161219528502,2.115057435578983,1.1661695661572242,0.5158321403358183,-0.294651016674661,-1.0124311975751197
256,14.058158412850997,1.00738180526559,0,0,7.635241282757889,2.4094935485888693,1.8723010710006274,-0.01249510454213283,-0.49603989066887666,-0.6883847523911835
257,13.294833838762626,1.056858776263339,0,0,14.142092019928436,1.2779164731379085,3.197618595778511,0.7369650071412083,-0.4523346812369655,-0.7213765766284945
258,12.374997948530561,1.1435450894304773,0,0,15.71074130937431,-0.4119240346800595,1.6052737928876741,0.9629130099187428,-0.053540453809624626,-0.5580345797485804
259,11.365803615807044,1.2624888741651703,0,0,9.354771634787372,-2.515818798950844,1.3363242606861454,1.0342599187891541,-0.1679016415558747,-0.2304366770770792
260,10.331744405234298,1.4057718192614028,0,0,8.327651274548789,-3.985139222409647,0.6980636924881973,1.0757027829440762,-0.28305260861411163,-0.10071901853541092
261,9.331416724494135,1.563100841459222,0,0,7.822214938244465,-1.5607877158034196,-0.035295313196363684,1.395386205279006,-0.288765704826329,-0.0684296502188471
262,8.415857326092553,1.7227141128394208,0,0,7.861241662627082,0.22378703099358702,-0.5138717001235856,1.57579744793529,-0.33329271230376045,-0.0712244530063316
263,7.628326978791045,1.8725599510720428,0,0,8.177403573379907,0.25788988502872573,-1.4231248060690287,1.8853191390692094,-0.2594327092620533,-0.048498683078022166
264,7.005151095808148,2.0016342436770285,0,0,8.005444965354199,-0.2812962830430362,-0.880236090123145,2.223283814930947,-0.03291038017205731,-0.0395409829039894
265,6.576926190444755,2.1013016296200964,0,0,7.714324590771952,-0.15075589671493703,-0.3181460977122407,2.3726192034867957,0.09314172515504225,-0.04410170543395626
266,6.369269973409751,2.166399823821842,0,0,7.710298112188677,-0.10128570385097568,-0.677809565032145,2.2868601006194424,0.11388489450713268,-0.02617196591230717
267,6.402419974983602,2.195945597327663,0,0,7.380212915273647,0.3649977127516685,-1.6219274720805656,2.340889761157177,0.03938299302318808,-0.004340182188265636
268,6.689331833193637,2.1933185169850145,0,0,7.337033809340351,0.5320411795752031,-1.9014521127326711,2.270246177286007,-0.09129690497640244,-0.05148694679414729
269,7.2323999274220965,2.1658741312264653,0,0,6.831961830686198,-0.33204263083518193,-1.7172361085470014,2.1891154124616907,-0.24636945554825862,-0.1572565862886403
270,8.01941818732249,2.12401089530365,0,0,6.204824023662957,-1.3336248458787383,-2.3567201748178115,2.4778938857376667,-0.3411696899704678,-0.2184910405627164
271,9.019807639512223,2.079777907338066,0,0,6.595093188915444,-0.24033146324965532,-2.0143961322335024,2.5798273312777438,-0.23846292277048503,-0.19636591869195924
272,10.182336586055975,2.0451750900895904,0,0,8.354527468371073,1.0215487723969678,-1.486722853334319,1.9294567703612597,-0.13167101897783154,-0.16739858363312285
273,11.43545351037479,2.0303798779259323,0,0,10.102223344952744,1.2670878095283382,-2.75923472012434,0.923664301748512,-0.08359332419586704,-0.09420982372390022
274,12.69093993939872,2.042220419574998,0,0,9.574572234768336,-0.5798774761217872,-3.6237858858810834,0.7378834097458231,-0.13635902446932327,0.009898685834853758
275,13.850970534868907,2.083238209389564,0,0,10.787812227063801,1.264035038860573,-2.565098164739012,2.109913699311645,0.23255395336806534,-0.03362005028908901
276,14.817954977050642,2.151571299205951,0,0,15.119985278725366,5.178575568098111,4.034236394549866,2.6353820749563073,0.8063278263344976,-0.13502508439421756
277,15.505807549536243,2.2416601332034,0,0,18.64600862342221,7.513131195274681,7.989663522846856,2.750509394556429,1.1484171789388582,0.22676134369041576
278,15.85070250735212,2.3455578425402606,0,0,16.975424807904098,6.212673245926879,8.318057619697644,1.3001959799443925,1.2175801159097739,0.4702117633333481
279,15.819251354084761,2.454538601238513,0,0,13.70537269249218,-1.3283224742203363,2.0747239096043772,1.6746177426923643,0.6655163534028432,0.23960889807249258
280,15.412616351163377,2.5607376884677833,0,0,14.78842202270025,-0.6416952257587399,2.0070584838461483,2.8403762182015595,0.9643137049051892,0.27267027523436943
281,14.666119954931782,2.6586165933936488,0,0,14.397106021185648,1.1755852761392254,2.0292301625445393,2.873504352010172,0.9031911052443511,0.516293147097735
282,13.644841321018665,2.7460523468871996,0,0,15.469020711873668,2.515643861437635,1.4645815145411794,3.0685187856361154,0.9432255880032507,0.44628453127379997
283,12.436153665690561,2.8248398264386085,0,0,11.766289045957043,2.488600796713738,0.9972209407305626,3.2634826709449527,1.0116566986914441,0.2958300914272863
284,11.140287011306325,2.90044780910361,0,0,9.196927033619863,2.711663739508686,1.4852304342551081,3.0883739995568242,0.7587319693034504,0.21785091986416233
285,9.860084167985907,2.9810074219454017,0,0,8.029862226496087,2.736903421685919,0.5685840216506273,2.5965011973771075,0.5761079558504251,0.30463251533928926
286,8.691196242198824,3.0756920336414497,0,0,6.9741475018747074,2.150863701067051,-0.28620310641446145,2.4823792302885535,0.3435053487519719,0.3991845940778873
287,7.713881510726107,3.192800078075561,0,0,6.4989803621765505,0.988541680327145,-0.9497969801460223,2.6704036523533152,0.07249181437489609,0.49488441735267724
288,6.987243287378763,3.337914564493251,0,0,6.892354188994291,0.770254802993796,-0.2570033323468286,3.233965216551655,-0.024806221869939943,0.5842277179232289
289,6.546256348961105,3.5124642739644267,0,0,6.365906663117184,1.6886973360771809,0.22820220636427693,3.412720834013783,-0.21923368157383316,0.6718965999953482
290,6.401449602934609,3.7128896352964196,0,0,6.41928284558911,2.2419146855588012,-0.5630421521098897,3.6667325086474336,-0.44345014153433554,0.709052068142542
291,6.5407612376090976,3.9304894603822884,0,0,6.513587670754052,1.7259044675296964,-0.6157178561657324,3.8183803203089743,-0.5572043144888713,0.7610848324423188
292,6.932910403790395,4.151940705850105,0,0,7.1207600008894625,-0.6740424723728259,-0.055151477400520725,3.7325300977754305,-0.5453026302819811,0.8843482699292684
293,7.531614299000623,4.360443775744884,0,0,9.069098817466937,-1.7118529591647977,-0.6469178002239763,3.788317742898327,-0.41225374732808884,0.9889277603614917
294,8.280074435599746,4.537419054573646,0,0,9.045154242603616,-1.585503061595792,-0.33658420444586823,4.1057704065948,-0.1891076578388205,0.8930455379879335
295,9.115341560280262,4.664630034546665,0,0,8.037503507545798,-0.6278121658832305,-0.642841745946944,4.731558246844397,-0.09872158885847288,0.7580313895981408
296,9.972435286224108,4.726521083359685,0,0,8.222048227487594,-0.4738660094461779,-1.097230565060835,5.048951766100922,0.05535963773190497,0.7363029766381654
297,10.788356002499185,4.712459160106714,0,0,8.399624702233234,-0.6950165727801729,-1.8621382380685734,5.062302696288538,0.1644880106267605,0.7195673640147566
298,11.506208315357489,4.618510667776674,0,0,10.81956720810791,0.03019024228089076,-2.626164964887576,5.098753378909341,0.16499761520215334,0.6854930109887236
299,12.079435206091961,4.448408319559678,0,0,13.517055849458508,1.6987084657301583,-3.247935140559241,4.976972348415752,0.194975659471458,0.6604381508600599
300,12.475726811662314,4.213473133438946,0,0,13.72115876851337,3.6005495636427547,-3.6013130488765737,4.473107399423089,0.15607682040544327,0.5571106426910841
301,12.679795421098602,3.9314285695806364,0,0,12.815733291464094,3.9279910517167886,-3.8583853646913613,4.018164676231698,0.06522463099967547,0.3578408291647753
302,12.694170996303876,3.6242406421287767,0,0,13.013866291071587,3.7939195732737723,-2.0823971100881833,3.633562388236115,0.16650839964937286,0.24444406202067762
303,12.537531716303869,3.315299523031715,0,0,13.870370945805355,2.4206372268973824,0.5310048479637006,2.839837242929976,0.4457539686101917,0.22185898603049953
304,12.240683291755253,3.026387454879246,0,0,12.154965559803555,1.0666754214163312,1.1544609892067972,2.3419494057389603,0.5246653548434687,0.08196996790874567
305,11.840926879079966,2.7749271031383027,0,0,9.52707775817768,1.2043514457137237,-0.07336567866252429,2.1657529609827857,0.35193273149474863,-0.02813444363818611
306,11.376053262483527,2.571958746040008,0,0,7.784340876937079,0.830557072323425,-0.13674318601766405,2.072874648267502,0.4132024508897907,0.07278867153315008
307,10.87942342742461,2.421157178793311,0,0,7.32453117318672,-0.6874148676910183,0.05276866323721657,2.0571173814935415,0.47239318071979586,0.20836631716474
308,10.377377542101577,2.3189992664737153,0,0,9.699195478226077,-1.8685405658426322,0.13558494034327853,2.1549056520711876,0.5083909878825293,0.3039595967835018
309,9.889508790648085,2.255979343283431,0,0,11.43319931238602,-1.9352103260932128,-0.046042197045328845,2.3984242620051273,0.5945369782653789,0.4092308139667715
310,9.431365142113501,2.218590460687829,0,0,11.500359896030654,-1.4647828930671374,0.10823316083809166,2.5172885019979283,0.6264769835235546,0.5265787044063174
311,9.018322504459384,2.1916803219820125,0,0,10.54734515188578,-0.9874256059369462,0.3130263089720686,2.388881174464628,0.6505011350723982,0.6443886504947309
312,8.669057962761777,2.1607703190574545,0,0,9.791190326818864,-0.16528821114462564,0.12139080582419896,2.2085186603596445,0.6858410729193322,0.750837229694148
313,8.407293173243561,2.1139903290910227,0,0,9.355715389442183,0.8619333410195653,-1.1620502430530446,2.023124545202477,0.6783332860497646,0.7968252141922668
314,8.26105778136506,2.043401560987088,0,0,9.198439062831355,0.9383848133757103,-0.4981852862800775,1.866322760164343,0.7045309415831452,0.8003634895066446
315,8.259377269418575,1.9456134225062167,0,0,8.94113612368699,0.7828066939983916,0.040137964103773995,1.652420572930799,0.703188000253823,0.7555201150027535
316,8.426874989143645,1.8217152641342869,0,0,8.327834088323412,0.5300998770758477,0.40808098735377785,1.505096344653106,0.744702453924469,0.6535605948787466
317,8.777259552307783,1.676625340556857,0,0,7.5243250553812135,0.6564362956291344,0.39753726796117483,1.4606038807460788,0.7259970051593276,0.5825856771129135
318,9.3070221639527,1.5180077741019855,0,0,6.892858979271373,1.0300038404053258,-0.20113358771471176,1.3003219533586325,0.6577044397345001,0.5950855101821485
319,9.990820977499215,1.3549328827029041,0,0,7.281287514875204,1.2200461240189135,0.07094739319382572,0.92111542660722,0.5521135368332617,0.6164123291224679
320,10.779883824032716,1.196468242625781,0,0,9.205484811808585,1.1100930316685134,0.405672844784041,0.6663833196248641,0.4993088919760669,0.5404312599094862
321,11.604276402070221,1.0503911207815035,0,0,11.006816370335901,0.07825057941177635,1.4429559586216008,0.4817357502674234,0.4977559054539893,0.4320408498841361
322,12.379148306427087,0.9221994688223382,0,0,11.979987983912565,-1.1742398778108158,1.2969004515462337,0.471832332244139,0.4643680637512794,0.3973793377897929
323,13.014285715851099,0.8145585197062943,0,0,13.40487410631455,-1.2129454262149588,0.8379363128236332,0.5116749467567756,0.29809330083759705,0.40396266268295683
324,13.42567289060798,0.7272548521275372,0,0,14.14138452984576,-0.1972624854147111,0.7267063448402714,0.3551407074737768,0.22536204675955399,0.16954883677512883
325,13.547400176858826,0.657652036288195,0,0,13.849056790725191,0.1833251785554382,1.2357215331830365,0.14479439577111594,-0.14016354866026567,-0.016451592743602576
326,13.342144325040532,0.6015607859769291,0,0,11.97673857752855,-1.2988485967944605,0.09784967046709082,1.1456407267345683,-0.49030045180003873,-0.2662836822867497
327,12.808517068086642,0.5543559229159717,0,0,20.064342888384495,0.8898093384946146,10.92760773206084,0.6311257064320351,-0.5146939406377821,-0.11966019252384708
328,11.983812047871098,0.5121100257487303,0,0,15.28099402148106,2.705117376694484,5.660693931022732,0.1753169766489848,0.11825218091956556,-0.2653736913155879
329,10.941234697529048,0.47250197006531286,0,0,4.106131743811768,1.6453677348588216,2.474572563147037,1.246618409284899,-0.1803773160302381,-0.5806054983078202
330,9.781744235702739,0.4353122450602459,0,0,8.051068750016674,-1.367357694302548,3.395168090310422,0.41042748990990496,-0.30623802977364906,-0.14082351398906073
331,8.62191312709428,0.402418325243818,0,0,5.899973246287555,-1.9628737192594259,2.2751114906239014,0.07375236569070841,0.029808269755989516,-0.027697483554788065
332,7.58004344925087,0.37732448363559407,0,0,5.840569055024954,0.7555329009365961,2.6508048656831904,-0.18987206031164647,-0.08238148882584566,-0.0802087199402411
333,6.762774310724365,0.36436887885527086,0,0,6.306104072830702,0.6243481590767552,2.5001107958710724,-0.09276757772991778,-0.06343377311257087,-0.17642027483432818
334,6.253832478787457,0.36780740713332205,0,0,5.441024179287093,-0.8474718571669421,1.773754897450288,0.08300454097856659,-0.12519708196186619,-0.11518612933690861
335,6.105917431920853,0.3909616832811043,0,0,4.705848644677065,-1.32340870435421,1.152653726920787,0.2979660197839538,-0.2110914979949157,-0.019932663229402743
336,6.33622207485153,0.43556090976303463,0,0,5.028833376525168,-0.14316649201835846,1.2778611305137186,0.16203895920982203,-0.2986876887382804,0.04951895698706558
337,6.925748223806642,0.501340269595446,0,0,5.98682536790076,1.5126231944701827,1.2590538392737787,-0.0819798080279499,-0.4362269987358159,0.09747670023582285
338,7.822266930305454,0.5859021223654817,0,0,7.523357413960129,1.2816819448327066,1.0257201174726567,-0.5982306741691615,-0.5273125714653758,0.0922563447435653
339,8.946433009846487,0.6848072663940489,0,0,8.84231929895667,0.09119212916474564,1.1002821222073123,-0.6436713622724294,-0.5460897703185695,0.026605470845387138
340,10.200225978146676,0.791846658605975,0,0,10.994054657850842,-0.4166359212231924,2.3775112119018726,-0.38798461948670565,-0.591000264111171,-0.018941868081737923
341,11.476645273580917,0.8994529228042019,0,0,13.312559929512837,-0.7173156716811723,0.9425221220616286,-0.4172797016496823,-0.6714478442034525,-0.04006046970130304
342,12.669515296085065,0.9992375769945144,0,0,13.325045306515282,-0.7988039243084222,-1.2050901023089655,-0.504946259827002,-0.6921306096362909,-0.10458373591764757
343,13.682396208614737,1.082661317087469,0,0,12.577012104639724,-0.9745268963480858,-2.770957795878817,-0.3316108312538638,-0.821030708148015,-0.08347760030545061
344,14.435915322910565,1.1418394772642149,0,0,13.656899947955479,-0.802372774341338,-1.4744581464355588,0.0065023942976615845,-0.9397546189676892,-0.012771212413892138
345,14.87318725353394,1.1704485125187238,0,0,13.413424189333224,0.6673402519388567,-0.989726604016497,-0.3995735992508419,-1.19452232352807,-0.11023574374140822
346,14.963197017563619,1.164643756641262,0,0,15.28284531048516,-1.5564206388647153,11.692751792567904,-1.4747694865661802,-0.5212556319345749,-0.4694263200959232
347,14.7020419243339,1.1238469222586045,0,0,15.108543261441943,-4.494477709958425,13.70160209898411,-0.5579474900646382,-0.3562431852590167,-1.0162660587326415
348,14.111982795221424,1.0512431190887006,0,0,6.410882376094903,-1.367975400089673,0.7946928920587203,0.3753551003441774,-0.5786883391858634,-0.7554289129339686
349,13.238604655818214,0.9538572505997072,0,0,5.272198393298741,0.9148646646347601,3.5637182605740563,0.6546799759882906,-0.49609445167627575,-0.48499982533081276
350,12.146883910060595,0.8421416385336866,0,0,12.229640039432951,0.7450585373797728,4.635699878786144,0.7980604029120405,-0.7639733970238726,-0.658381491249032
351,10.917016740600719,0.7290690965346598,0,0,16.27155792656365,0.4326103911911373,4.639356770508102,0.8549284429124988,-0.23890294693905847,-0.5510999488285242
352,9.64020777954661,0.6287813754222947,0,0,11.511488087231616,1.969166008443613,2.5907935268817326,0.7099195390528688,-0.036290861152224206,-0.28155513967425044
353,8.413829103952928,0.5549117151549642,0,0,8.37152576546991,1.4296599028166763,2.848374504693099,0.17376810383174893,0.12544577567813958,-0.1398491103849143
354,7.335243643904801,0.5187881216411377,0,0,5.9740726214398485,0.9411374899016841,2.088099340507069,-0.02836495441016512,0.062279254856529694,-0.03515876103707785
355,6.494229368266274,0.527797911863242,0,0,5.370586834597682,0.48614882018914296,1.4304744817904576,-0.07595910888077857,-0.11772399028707495,0.07770203024156186
356,5.964747062508505,0.5842068120820002,0,0,5.213262231650566,-0.18591389926964316,0.45899965176412244,0.18118088576296287,-0.13768059538506547,0.2189642919338304
357,5.79723754805671,0.6846587561678974,0,0,5.098575900326241,-1.0715697976251102,0.051581346184459094,0.3261498317322069,-0.23749546311237188,0.3159193113073569
358,6.01263714732695,0.8204588696371441,0,0,4.807212398926239,-1.7809274538093207,0.02676061058156567,0.5194631292421217,-0.3111378025367981,0.30260242768316126
359,6.599050164631688,0.9786045291326272,0,0,4.506469879368742,-2.0446026495409373,-0.8962354154170625,0.8566318377041295,-0.3550582907840712,0.2297556162921111
360,7.5116770995891455,1.1434104820616153,0,0,5.030801917147166,-2.018898585743169,-1.4162662127342416,1.1179623883333203,-0.38539748518098266,0.07222107482540856
361,8.676206193194341,1.2984870722473527,0,0,7.8869963098649425,-2.3892416062800588,3.3970653107544053,1.2751492454788653,-0.15134740837654134,-0.12860479074466083
362,9.995414593437323,1.4287777749967554,0,0,9.74887727343844,-1.8120592915056004,0.2878908394350888,2.0645484840158828,-0.278948530614368,-0.20736249299329518
363,11.358229635857532,1.5223474770847794,0,0,10.429608122229292,1.714934190972177,-6.009177179335338,2.59330335623654,-0.7329206904765297,-0.027520561603044263
364,12.650094936726237,1.5716536013417186,0,0,13.379159737652172,6.044388054656053,-4.6987280672527225,1.1883838239562583,-0.381844496132304,0.3155075862356601
365,13.763309886127228,1.574149649317014,0,0,14.231993557982227,4.355234176677214,-1.2945091421433774,-0.6584130286380256,-0.7089192011134833,0.2207496160033987
366,14.606136500335875,1.5322447092451315,0,0,12.513594403532748,0.6098480003676257,4.601422863721441,0.060744312028187746,-0.7609014636636874,0.10356739056438807
367,15.109852428248757,1.4527853433033846,0,0,12.589057493163882,3.2569959787534484,8.050805890180673,1.6303791396380032,-0.7069720471067148,0.4184963808976546
368,15.233405057205369,1.346249876178936,0,0,15.508837886359586,5.406740631432568,8.45889192423534,0.4432495992516099,-0.6857791930307522,1.099616870208799
369,14.965702368151975,1.2257577333819512,0,0,11.624014365945671,0.7189212321863823,3.997278337975612,-1.5604994523237463,-0.22888587849468994,1.1118269876117413
370,14.325813995431277,1.1058971686750223,0,0,8.15106908877059,-2.737263048963917,0.8872585860490074,-0.8103949140497738,-0.4916455241804065,0.6106373039633796
371,13.36146659697674,1.0013525059474742,0,0,16.03940921652497,-1.7351178674241612,3.285043918564056,-0.8192355804520989,-0.5075263122862682,0.5217703784895763
372,12.146105794572971,0.9253766987801045,0,0,16.929107246349684,-1.3720823063615477,1.6658151065508462,-0.7260520603412564,-0.04639960101644947,0.285323403149015
373,10.774447120412647,0.8882544936337811,0,0,11.044055690819837,-0.8315492754848237,1.1616836840039704,-0.5186329608673594,0.13163202125186618,0.18446170607543175
374,9.356190422182314,0.8959752806299973,0,0,8.796032157751908,-0.3947232445487091,0.7413733071523866,-0.42394471561477093,0.23185780317204177,0.0369338372148518
375,8.007803070109706,0.949347801495434,0,0,7.299243300209582,0.006838376460451566,0.9059423688459775,-0.6289926327738559,0.22891830117459594,-0.14663782761438707
376,6.84287549690395,1.0437359039129077,0,0,6.400222588493616,0.1834412876371956,0.7093649436675105,-0.9751280087557213,0.1263064837080599,-0.29206953745093006
377,5.9620582269500435,1.1694932635979054,0,0,5.244674481993101,0.7563602982321215,0.508052095686164,-1.0008353009473077,0.0486384457683902,-0.4186185674543254
378,5.443742646376219,1.3130589719404777,0,0,4.7251333176843415,1.2381873621626212,0.23563732407510943,-1.1128709428684131,-0.028528875120699043,-0.4547861520396874
379,5.336529207101185,1.458577625631467,0,0,4.333639404831071,1.7726398970079955,0.45319722162787296,-1.196845592802854,0.0015232547072550461,-0.38457917647458006
380,5.654300844410842,1.5898382168606577,0,0,4.0464690631032205,1.861740701198974,-0.6404128730674996,-1.707901608425799,-0.008128200910993647,-0.22367433369349074
381,6.374459423016668,1.6922767302277832,0,0,4.598176635598992,0.35198732650895886,-2.5890215854511722,-2.153220896811767,-0.12495448327144704,-0.03085930418175477
382,7.439587131396198,1.7547542493415906,0,0,6.408917003712112,0.21956010996769404,-1.535872479465226,-2.1650163188647684,-0.0709995075827214,0.08161028850940785
383,8.762446955364721,1.7708250985637621,0,0,9.23234408369773,0.21323653267709872,0.21982722835839302,-2.6060971177301018,0.10403692016156267,0.1824935656113768
384,10.23385399019273,1.7392778963964393,0,0,9.584486502370483,-2.2959245943649256,-2.0897924115093796,-2.136742812506291,-0.10379730229129361,0.2538707911010984
385,11.732601881869467,1.6638775547964646,0,0,10.028569196138376,-5.345912418020052,-4.751801399100789,-0.9472056355846723,-0.3779439588154854,0.027052976992039075
386,13.136400277083586,1.552428954320664,0,0,12.5677437158453,-4.619524623032561,-3.9984025080341503,0.189005390718974,-0.7367992703290541,-0.24282882681079163
387,14.332706770742545,1.4154493788839715,0,0,12.91094113177379,-0.6610873185711419,-2.8533806324685203,0.4220908204953909,-0.8976716388566471,-0.31458443721127466
388,15.228388713069835,1.2647914706772934,0,0,14.450453134149583,0.9903226992953248,5.178929675188015,-0.6910711879513235,-0.4270970444131576,-0.364596843157515
389,15.757260974381083,1.1124716518415032,0,0,17.91022387359637,-5.53009447677764,14.793674900205158,-1.4492074645019977,0.5503126630201834,-0.7900404599022618
390,15.884715759968765,0.9697905668837075,0,0,12.956580572060295,-4.1624845155523635,6.010648332788704,0.7851511963730953,-0.08587661731529343,-1.1906986920192904
391,15.609027591395737,0.8466880987523732,0,0,10.664485711646215,2.1871945332725136,1.6047539597941858,0.22880066041610583,-0.41218291874027013,-0.6011207046823962
392,14.959555734932675,0.7512299905662884,0,0,11.057125603795784,0.5700276690399392,5.101616953850437,0.11815050838978151,-0.15178731064310025,-0.4633380417373235
393,13.992676560166945,0.689171144909076,0,0,15.39822735013783,-0.2834150267135875,2.99532925605124,0.35724636001772764,-0.5485372920428816,-0.625945848664128
394,12.786387902895367,0.6636160515491042,0,0,16.329354794844452,-1.0489613373644353,1.484841017073645,0.07302139517316206,0.11276310487364924,-0.48741704108646916
395,11.434123585807743,0.6748401241440958,0,0,10.665586410338712,-0.7828477518096955,0.4789558814087367,0.02523218342673157,0.12595453820732302,-0.4301233756633977
396,10.037922885525413,0.7203375270415109,0,0,9.191469386286402,-1.0917107451750125,0.6453181790792222,0.30544796550853964,0.01668007842469165,-0.3398154103007738
397,8.701119961599934,0.7951363331331815,0,0,7.676245720887801,-1.2418897062867795,0.9714117700911478,0.774515879249154,0.04545970346632715,-0.1977495129611392
398,7.521007851181302,0.8923763061908504,0,0,6.8592955758795275,-1.1970795653788793,0.34202809620204516,1.0146164869452636,-0.043550193369962686,-0.07678632386385108
399,6.582110482340326,1.0040847794605239,0,0,5.891894355894472,-0.7568569353145694,-0.08503412530829045,1.1379976799284302,-0.07236028195031985,0.03988388322790612
400,5.950608027359015,1.1220352936585467,0,0,5.699968212740865,-0.39556919825231696,-0.8919016135594966,1.2152044740533956,-0.10457417995130018,0.11214758807700598
401,5.670211977794125,1.2385563236144064,0,0,6.197800790868843,-0.3551887602233197,-1.531141748957111,1.3546562231761414,-0.02405049686777692,0.11304486014003473
402,5.759533322813921,1.3471775984666006,0,0,6.523659461852187,-0.2849914533902321,-1.1719492396916953,1.533093759614803,0.04827818191105017,0.1176815835456244
403,6.210832726403803,1.4430455495315984,0,0,6.815103303997131,-0.2877434392038324,-1.138528049270747,1.4007913144584598,0.04163723865455666,0.1564772068811166
404,6.990041011677501,1.523091457933944,0,0,6.462343950424219,-1.6800043903948758,-0.6510148441358393,1.1520794384087123,-0.022507261579963966,0.12180626715122875
405,8.038084519115317,1.5859814355856936,0,0,6.564159807574717,-1.4379120583285265,-1.6822793762125932,1.6213540231409884,-0.07899429013938895,-0.04394269905279434
406,9.273747117293956,1.631899972600105,0,0,7.43658519383412,-0.1466713874228797,-1.8139835920451726,1.9882485878846428,-0.05075334760250705,-0.24118859451243652
407,10.598398593011801,1.662212510438414,0,0,9.628786258114086,0.7591478040690344,0.05916114484314,1.6703755688364987,-0.13186658770381834,-0.3224436945445387
408,11.902802703246563,1.6790377855258567,0,0,10.543989834185531,0.46362891822811875,-1.2443630800294938,1.3011231116814306,-0.10752537456092989,-0.2773070914095976
409,13.075877012546034,1.6847645037732555,0,0,11.386816631138615,2.4628662124603435,0.8092060727393114,1.5922850417959151,0.029535686834021323,-0.11870620837336758
410,14.014792617290553,1.6815651073759013,0,0,11.979936801259434,6.034903201398891,4.966758040011042,2.0783536029337255,0.03919575258843367,0.029531317145694465
411,14.635294143609597,1.670965993788811,0,0,18.373005968559784,9.248331430270605,8.742524960015663,1.9388380538260777,0.07514776532457937,0.43725447286640956
412,14.880763896242328,1.6535279567144772,0,0,15.07589373873185,3.081765885452067,5.6211190968804186,-0.17880852319719617,0.426445501242626,0.8909522588411433
413,14.728603111939343,1.6286982511636794,0,0,7.930941342163539,-1.700801097590555,0.18665377650445064,1.0113114539877892,0.06463575112351701,0.6547207393364585
414,14.193062494974512,1.5949132814762736,0,0,13.643369068905416,-0.364273252435478,5.797281807066048,1.1191037465411735,0.24500243276333536,0.8235276933389553
415,13.324381271123087,1.5500120831482942,0,0,17.867769966551382,-1.80941341675209,1.875843530139896,0.7346120185073619,0.15759313275943523,0.8686453611212929
416,12.204480152640816,1.4919347669252685,0,0,14.264983119979433,-2.0924427706712185,0.9359538011313815,1.8424695462628031,0.5885370308018214,0.6739622291821599
417,10.939492576125804,1.4195571143761712,0,0,9.109641071185859,-0.9592452184603839,0.5025401379324218,2.182470519334607,0.5877813122000488,0.5568797200219331
418,9.649577254430362,1.3334231076196887,0,0,8.011351644477056,1.7896953872879577,1.5715133181750962,1.6634528857944328,0.420639847994995,0.4123815134484953
419,8.456922993914896,1.2361456006756917,0,0,7.744645604863709,2.264669283352729,0.5057493566367801,1.0375247704082375,0.31464218514059394,0.27897512522568957
420,7.473295062539196,1.1323661429160945,0,0,6.83035352150283,1.708722399701934,-0.13569464431927308,0.7127018415834829,0.11380554630957915,0.18116792305923607
421,6.788553707966906,1.028338451256398,0,0,6.184951094653729,1.041860329800034,-0.996079833164413,0.5596763582198094,-0.1309428013865888,0.14593428476291098
422,6.461356614415088,0.9313265511100765,0,0,5.969215320841742,0.9672444179627445,-0.565901104497553,0.6462618362386346,-0.34404440209611453,0.11431705683890421
423,6.512966971741477,0.849026181281096,0,0,5.580656936616327,1.1374638914159458,-0.4296905356545765,0.6812824816597353,-0.5026035650451237,0.14846766778161472
424,6.924839027185319,0.7891419346917227,0,0,5.046251324208919,1.690994330984951,0.13146818203513094,0.5198910128233262,-0.5512051338292736,0.28817743897370346
425,7.640414077818624,0.7591452334958014,0,0,5.537327491826678,1.218808335425448,-0.15230950621403294,0.25376615408801684,-0.6286721963379149,0.49227180338005877
426,8.571252798928557,0.7661555999666663,0,0,6.781518902815799,0.6670761638864807,1.2349620019931298,0.09467207811015417,-0.6479162405559429,0.6045591595323533
427,9.607185496161517,0.8168511367495732,0,0,7.97171085855608,-0.4289218320489288,1.1943206928046994,0.008398452162155965,-0.7150012450726513,0.5455869922954685
428,10.629564651363742,0.9173166382742748,0,0,9.464319081775377,-1.2566580747075553,4.121214293192917,-0.4428060585735795,-0.6815644229871037,0.34979135951252355
429,11.526028326969385,1.0727623816547789,0,0,15.408738811837182,-4.433787439707297,4.154225823847447,-0.7080273186500402,-0.6899663924236725,-0.22105149239501934
430,12.204618103782378,1.2870769394562,0,0,18.375881789204616,-5.775973726159362,-0.3368809347026919,1.4266279397378874,-0.24453384938759526,-0.8338980385218832
431,12.604945601192334,1.5622039380214376,0,0,10.720209791473192,-2.35148135741916,-1.0317659893723519,1.8969251062203254,-0.09816071917114023,-0.5455667631636271
432,12.704625095111655,1.8973631597496663,0,0,9.487586302092325,1.6803882884490493,0.48534650399227935,2.0676439058209763,-0.005682697556697655,-0.11738966725067619
433,12.520259248182645,2.2881919060229365,0,0,14.168055952634525,1.1194030121436123,0.3365358148397651,2.104544995787162,-0.08453454884634723,-0.0026179263488619706
434,12.103314530337574,2.72596879808459,0,0,14.7955577099809,-3.9296904721988763,-0.2281306587499258,1.954413522653816,0.12388859746968411,0.024947210451424236
435,11.53179191524538,3.197163938355693,0,0,10.746316290167888,-4.432765772420814,-1.6203155753296834,2.722652402323472,0.07295544815592167,0.026369697713159782
436,10.898809809244977,3.6835764433721367,0,0,9.260581691018754,-2.902870774663852,-1.585551903336992,3.3264348929071264,0.10996368118662081,0.10351849606371781
437,10.299461299254197,4.163236648030772,0,0,8.187527501663173,-1.9445610365494714,-1.382196895059984,3.889051402806308,0.1985878082969403,0.20745757289130376
438,9.817649220297405,4.612085604414215,0,0,8.462206020373523,-1.9381447107832723,-1.1974730456221574,4.558613616367959,0.3419028163968742,0.22598998369429626
439,9.514770597594756,5.00625777296302,0,0,7.418606137333624,-1.8050470804956509,-0.26449591128097655,5.353206542082728,0.6380169672458222,0.23064890700664084
440,9.421930609450134,5.324641281832251,0,0,6.095497367370446,-2.1700472737929,-1.91906649665074,5.547332079656868,0.5573809667368552,0.2414393213607394
441,9.536865123980776,5.551308313769632,0,0,6.298121751564656,-2.5587691621312705,-2.4974370531268857,5.694717875812109,0.6193952927797225,0.24139097724561578
442,9.826052583586678,5.677407095379545,0,0,7.33431292963167,-0.9899360990969179,-2.400208066991088,6.253685822153835,0.6014684674414078,0.2555700242464965
443,10.231658741381292,5.702176727029327,0,0,10.860454858648628,1.742906706117251,-2.395744183957718,6.48834207698994,0.7558617957067189,0.39733543910023567
444,10.682061252514115,5.632870145898843,0,0,13.318474205041118,3.560485060281921,-1.4443763430756,5.878113972821145,1.252541188086682,0.8217181417881684
445,11.103948102459556,5.483543896556756,0,0,14.043262876194229,5.454274156422963,-0.8621270109918086,5.443481523827659,1.1730176203325862,1.202730550040914
446,11.433665352254497,5.27289024017025,0,0,13.369287808422927,4.234441194824807,0.7202183046590727,4.583087303522221,0.8566175864319846,1.0792024745517772
447,11.625805977049088,5.02150786814423,0,0,11.672944100738308,1.0534403648693618,-0.8247999424626723,3.7874374283386016,0.5263266524603912,0.8315632110008886
448,11.657905181109975,4.749156024518157,0,0,10.614689740041339,-0.2406567559613777,-2.588339029788771,3.6470382276729856,0.32761840465560993,0.774414496173278
449,11.531176477571154,4.472538534265625,0,0,9.828887514160867,-0.7481608052170664,-2.9165771455574925,3.8880878446914107,0.25375688719357953,0.7770811144675199
450,11.268057651254873,4.203994517656172,0,0,9.400316127215048,-0.3612622807295576,-3.0074908004333665,4.245412639258718,0.2280856269400928,0.8631527770728559
451,10.907695416894743,3.951186185095935,0,0,9.917594523359703,0.2660659335079928,-2.6270158691802,4.372834326942069,0.23378397496459247,0.9502503024966973
452,10.500410339298176,3.717588024690968,0,0,10.661838304852413,1.836494070163816,-1.9291181985894705,4.449533674244513,0.24676722775795537,0.9392886788191159
453,10.101847788736665,3.503412174119833,0,0,10.392076728884668,2.939555012247743,-0.5855890373360182,3.7274473035777707,0.22538029435965803,0.7927093425810869
454,9.767168650778881,3.306603524782743,0,0,9.26261805450744,3.532416628511393,-1.455761972352663,3.046467726526604,0.14226386194551557,0.5070073754549477
455,9.545433988388,3.123670437746454,0,0,8.817412542971336,4.879371437465935,-1.42722695033265,3.176175508137296,0.14065161626194778,0.37064486728256324
456,9.474339363030788,2.950290572906152,0,0,8.767457489283366,4.383912316026914,-0.04935855403576044,2.7324036250399346,0.20539909601002512,0.4953219682180829
457,9.575596684696988,2.781758862203286,0,0,8.874487679958484,2.599491264243143,-0.2530808967641151,2.387782410250803,0.2600449235354818,0.5602894778170278
458,9.851446626223561,2.613392405677329,0,0,8.612478138770234,0.658539258113973,0.2088570629296725,2.27859931228119,0.2507850629173929,0.5068889191181353
459,10.282923638880938,2.4409878976668917,0,0,8.282782523617932,-0.10212643559769623,0.159723220657844,2.3163270324671217,0.2561997015370637,0.41327553204070044
460,10.83049844718807,2.26136494880436,0,0,8.823154652165796,0.8184549734807762,0.4229315285029794,2.356463069012088,0.4015027371633125,0.3174259760175566
461,11.43750583580228,2.0729476746592126,0,0,10.702206381547967,2.545263348401736,0.3797462275326937,2.15266589732275,0.5936212679355133,0.18219339330461967
462,12.036311691895287,1.8762685984122884,0,0,11.407197794207141,2.8290468792733825,1.7057687440242295,1.914639249263033,0.6469240871747635,0.020723236044307057
463,12.556584023515146,1.6742515526574566,0,0,12.79602286818719,2.787590255707242,0.160647018869606,1.9394647042444213,0.3078269987843266,-0.12800086365469396
464,12.934493412578881,1.4721516855679286,0,0,14.304502133328018,3.8094651852557413,-1.5800737258598383,1.6221398165097425,0.3903924012281138,-0.21762183207620817
465,13.121348934002377,1.277090032145668,0,0,14.248576244497881,4.338099065816033,-1.6082753508371106,1.3739787171314448,0.5818494377542943,-0.17689950679110328
466,13.090166180444182,1.0972025490491837,0,0,14.683403354637518,4.191734552995399,0.8179127497723042,0.9250051049101896,0.6103424695676725,-0.0864613459560846
467,12.838980050480986,0.9405153168067857,0,0,14.495001902904146,2.5994006633294626,2.2403413262180245,0.27334264060538344,0.522614816098852,-0.12287431635917843
468,12.390310900908249,0.8137395238199591,0,0,12.603527136916394,1.672240238384126,2.465579471102908,0.19960150986414865,0.4041389893709244,-0.17227494271444851
469,11.786959673213698,0.7212244974947629,0,0,10.084342247891742,1.817326952887818,3.712364699303509,0.12531400340174315,0.33789051528063924,-0.12093130117937763
470,11.085077350552897,0.6642908432516217,0,0,8.014992504541352,1.0500568546136888,4.411158248481719,0.09515390839129072,0.3121653135394913,-0.08804515950883303
471,10.346022507828641,0.6410860863454249,0,0,6.0566838657209665,-0.6178219872116215,4.389770674089719,0.42451926873004187,0.22936988907374195,-0.052728423760748405
472,9.628705450948015,0.6469842548423224,0,0,5.630263711902342,-1.255334883594075,4.143501783152359,0.8254718348644112,0.19292082115848347,0.0030758180031955295
473,8.983837491532766,0.6754240316270673,0,0,6.9730290994349975,-1.3580602210025134,3.4173267193775105,0.9025314085420669,0.2100026308167363,0.08391438241927464
474,8.450830534268011,0.7189841759686231,0,0,9.054921113315675,-0.19519091333453065,3.6835751081848755,0.9438271565584025,0.19349969949946197,0.14808397349546587
475,8.057247619850223,0.7704578527550847,0,0,9.68015604893407,0.9096019235565147,3.502515603135392,0.872144933895177,0.19453119751365008,0.19430979055195938
476,7.820003240002413,0.8237153930175055,0,0,8.230950384614047,1.3722290517429099,2.8791512563225816,0.9191047661483734,0.19581960223488273,0.32669672125810295
477,7.747217982516673,0.8742181186431448,0,0,7.0755265847348765,1.909395467470546,2.569700112943769,0.9545599642134486,0.090399387171255,0.4543358326721696
478,7.839793896948692,0.919134673483333,0,0,7.759863657408904,2.577479089418815,1.7398834950545607,0.8155990140047671,-0.030508881707517407,0.5427926163247975
479,8.092200555265672,0.9570958410193074,0,0,8.203107666945606,2.8904274274509096,0.8238279849733287,0.5918930415817976,-0.08308391019669324,0.6299062199714576
480,8.492391163275538,0.98769517420017,0,0,8.405681529619926,2.3720103870090132,0.5081138977468401,0.3047668185381849,-0.144536226609876,0.6865097258982393
481,9.021082762169927,1.0108916785390711,0,0,8.148575121696247,1.3927419949672488,-0.3131954816313286,0.1250632840727583,-0.24937859765688775,0.7063081343369667
482,9.650848255258493,1.026483957197058,0,0,8.964748961820906,1.178335632794427,-0.41614513746488296,0.13873664185273468,-0.41865826739974193,0.6919378319808296
483,10.345595778060012,1.0337947792213984,0,0,9.477941199743004,0.3958816391824513,-1.0105102788560039,0.05598737177969026,-0.5794825297578179,0.6668546820969489
484,11.061016568367755,1.0316380270683871,0,0,9.604680127343556,-0.5691613218156881,-1.0820834978090323,0.3534191956429069,-0.7418385408127514,0.6501211347590371
485,11.746434374525512,1.0185571382503522,0,0,10.172374066240465,0.28629226197819346,-1.2471305078824406,0.6299388900087566,-0.8700158022856675,0.5951199276933885
486,12.348197671048645,0.9932515378094531,0,0,12.487482473525414,1.9644097491555257,-0.5483496110521747,0.5622261131667224,-0.8871402762513149,0.4858976762403219
487,12.814362702904766,0.9550674672289579,0,0,13.092460848715088,2.040308680100902,-1.8738900511717773,0.04961353591251101,-0.7814415831046332,0.3442157618812297
488,13.100006835181869,0.9044304615906258,0,0,13.756010640191269,2.1362783550407984,5.155871526175068,0.6783946243164826,-0.6862968071639455,0.4262130222303135
489,13.172237981559917,0.843126819883517,0,0,15.06978749149716,5.2195928272025975,12.141475994086415,0.03688915396189982,-0.2555759284987359,0.8668839065964156
490,13.014005193170336,0.7743789108680439,0,0,7.085054209952442,1.283500165186077,2.920695388647337,-0.29156556543479106,-0.2626970796001507,0.6670311788566573
491,12.626248714366458,0.7026911774696416,0,0,6.950178557899432,-2.178244410258317,4.09701963329578,0.08785241860555587,-0.4340584981102709,0.6343090967141218
492,12.028546168022167,0.6334708805186211,0,0,10.506381350326555,-1.9612214017130498,4.716555512688391,-0.3041882097912378,-0.34373042255452996,0.7819085900111877
493,11.258730634654103,0.5724551238517388,0,0,12.530306689043867,-1.2647282827624233,5.199972436618152,-0.2658545502623297,-0.07481237728801125,0.5947294608356751
494,10.371683391720847,0.5250091456000087,0,0,12.537255752599298,-0.8537087567391373,3.637837579983901,-0.15619026979971362,0.035353488982749044,0.28104058315419794
495,9.436950109427112,0.4954019464782806,0,0,10.25293408236787,-0.14182403222347026,2.4281083216055146,0.0466251080224433,0.08633242586628125,0.1075993335222039
496,8.534590688282602,0.4861997263517123,0,0,8.55430964007595,0.2785283832196776,1.3662703969710344,-0.08087955191052039,0.0829567005535678,0.10760269105112992
497,7.7489806215332395,0.49791639097561724,0,0,7.824857803626778,0.23424827695632128,1.1720184894462333,-0.32110664522478327,0.11283209120126209,0.025026260006380086
498,7.160877267442552,0.5290057219067588,0,0,6.786964371367362,0.6029672089555613,1.2287551820301206,-0.5890203620201224,0.06927014898664564,-0.13039483848771263
499,6.838586498841301,0.5761865793557139,0,0,6.135558760776095,0.8866461386848341,1.2875429467548176,-0.6840123891230507,-0.0013018422178827488,-0.24759623974990957
500,6.8293516445591385,0.635000604226568,0,0,5.861208001444443,1.3274210535468096,1.3594179125506907,-0.8097785092732209,-0.034913887818774796,-0.261793990598688
501,7.152157362901248,0.7004490865362227,0,0,5.991132016805257,1.4789687416652297,1.522647457863873,-0.8646956409315375,-0.13703516014105918,-0.20601176443658462
502,7.793059129401792,0.7675574514713444,0,0,6.4884083766798355,0.7181414697666744,0.6862839821896197,-1.1072261173600246,-0.22357767198615155,-0.11040397590682886
503,8.70394994012402,0.8317651004240374,0,0,6.576949101830602,-0.6646037234196556,-0.6649490034306493,-0.6161286392787176,-0.2903043307273322,-0.0306900950912221
504,9.805362755934258,0.8891158605676244,0,0,6.940136404767029,-0.497965766965172,-1.183200084641319,-0.3281397717169631,-0.5192692667444258,-0.007365611078846735
505,10.993453981572513,0.9363028072435545,0,0,10.06252064469884,0.20927916022707954,0.11656384405134833,-0.4474653272901576,-0.6109244477047626,-0.10382420161322371
506,12.150695154542404,0.9706680400268545,0,0,12.893796751632808,-0.9163521123654531,-1.1122718059568357,-0.6238382157166336,-0.6563835803828237,-0.17470911208077025
507,13.159075201637458,0.9902524098995289,0,0,13.610715144975117,-2.9958892434834072,-2.9166376769068347,-0.0661421270530471,-0.8037571717917803,-0.31474528910318694
508,13.913968579228287,0.9939418691957381,0,0,13.67307556294574,-1.5267909067293801,4.0328250827990075,-0.2974201964248465,-0.8227432127384512,-0.38429329488922476
509,14.336480418316386,0.9816961066107263,0,0,19.857665382358704,-5.451483074211071,14.983598204997417,-0.9103225122628353,-0.32820456510337165,-0.678201503533989
510,14.382210806821709,0.9547961609554391,0,0,14.649038789327907,-5.041965545060658,6.347269970749854,0.4263116746878686,-0.1413923199278054,-0.9201255073501993
511,14.045112122957331,0.9160220944593962,0,0,5.293538388142594,1.1092747972639538,1.1097829166282513,0.6581673771514958,-0.23804568380661978,-0.5657738119977396
512,13.356374077551767,0.8696726548747961,0,0,7.3055955943065225,1.1587076051160563,3.607698221866525,0.6387512381246935,-0.4737105845795625,-0.633803045426223
513,12.379489857317935,0.8213613010490949,0,0,15.46192135750232,1.7749459837894492,4.669001056324922,0.9404104424004601,-0.44319790339662196,-0.6424102863672355
514,11.203048861146035,0.7775589290589499,0,0,14.499885950146037,1.9099060225755717,3.0741419469955806,0.8478761220983414,0.000581335389603899,-0.4082989241185672
515,9.932279363205396,0.744903529063333,0,0,9.070719804930441,0.9769674805071397,2.116291292245796,0.39450980809048586,0.017732509675697193,-0.32434266461034617
516,8.679725599726686,0.7293630565064485,0,0,8.04119100361766,-0.37880620979791507,0.8829887907937893,0.22770726289525606,-0.07903613369903542,-0.2500858405790135
517,7.555379435655614,0.7354006965039614,0,0,6.699824055267623,-0.47043278758877827,0.6848967119714789,0.4080668689563466,-0.12889531599826812,-0.149015982047444
518,6.656961844374521,0.7653124528759225,0,0,5.792342135270945,0.16200937774998997,0.14918224254536172,0.6653151676040444,-0.22635734810036437,-0.019562978394926323
519,6.061339780698354,0.8188640263563479,0,0,4.927833980709827,0.020663878465234046,0.410340359070809,0.8718116897917426,-0.34236606080414195,0.10991838627821053
520,5.8180274679867,0.8932691855587724,0,0,4.850484439177719,-0.4477207699055107,0.09814692730330422,0.8820633742904828,-0.48485481712575945,0.1600813205509673
521,5.9454430181591515,0.9834728737844944,0,0,5.17440278178609,-1.0367871285597818,-0.028379913795536664,0.795616100416415,-0.49848042548714794,0.12321688363644571
522,6.430210392139768,1.0826628797267233,0,0,5.365400865688934,-1.44393591203106,-1.94552189937933,0.8170324555513976,-0.5479019847003621,0.07210706692672635
523,7.2293938685456665,1.1829322644698832,0,0,7.369614494335869,-1.7818724937014951,0.2605136788381535,0.8635217664572252,-0.4544281728421646,-0.08494704146154229
524,8.275186750206533,1.276023878075217,0,0,9.216109999774973,-1.569087416916541,1.5491627008261486,1.4207216245053853,-0.38209292063963823,-0.08868727513150618
525,9.481315932717246,1.3540855816211042,0,0,10.13081747774577,0.11522581635389899,-3.2605823918969548,2.063747165267517,-0.4775061401124047,-0.08444663313622763
526,10.750338930327619,1.4103577961559526,0,0,10.545783574065888,2.2502637979520284,-2.425785149838482,1.4535996955893313,-0.264120545629309,0.003992930878507019
527,11.981131599057075,1.4397372849035324,0,0,10.692709384513906,4.699203595316025,-2.566009549460566,0.3567298826669364,-0.4843699517778555,0.11993686461347429
528,13.076134346390814,1.4392261367655663,0,0,10.178753953080733,3.6109881002825706,-1.3223022770565613,0.07614186492279666,-0.7873684054491495,0.07069794236134361
529,13.948187562342538,1.4083331136425468,0,0,9.699868417907142,1.7667343886562277,6.109657610381438,0.7801553216787729,-0.524413237962299,0.15263278228543645
530,14.526861270800307,1.3494673802340662,0,0,14.095907514190051,3.761893546208641,7.143951517047919,2.201192666225685,-0.8300924010075154,0.7040116620727429
531,14.763993830981306,1.2682402235620776,0,0,20.423404684893363,5.939508717550534,9.870665621304672,-0.4132187552050282,-0.030636695423595976,1.569722697512042
532,14.637881660084446,1.1734607074405805,0,0,8.499908629313172,0.6359051290363007,2.878814701456364,-1.9113947208147064,0.048623685199807365,1.0378802621424574
533,14.155568300879624,1.0765935523895984,0,0,7.761541493852573,-1.894057692672377,0.2956256961129069,-0.6678083873946652,-0.47485319606343346,0.5344008009744033
534,13.353050166431018,0.9905779521037762,0,0,16.963385104212573,-2.9379146969776215,2.401450916744244,-0.5857071628325131,-0.49860890637951794,0.49410397209716916
535,12.293512739193519,0.9281171344451589,0,0,16.667056459489082,-1.9731411047898875,-0.7628543292212212,0.17094495088210343,-0.041153186797618424,0.4744811296988046
536,11.063575512062016,0.8997334738355418,0,0,11.345853193913834,-0.7549720665687094,-0.13461714354907464,0.5265082355021414,0.2626690388128838,0.3886805106523086
537,9.767281634965064,0.9119705848746551,0,0,9.84478544972596,0.03707589432929914,0.5175890680240339,0.2526502110380278,0.21192339348228095,0.2059838532968765
538,8.517763750939041,0.9661019246468225,0,0,7.916568206391294,0.7122493757834767,0.3066725247315583,-0.5854504885851513,0.06145777403152911,0.037617679241340685
539,7.427126230483172,1.0576055708485432,0,0,6.885453046805625,1.4699419503159534,-0.5149654572088124,-0.852544004372187,0.044621667970697894,-0.1419418720554227
540,6.5956405735981525,1.1765233848119152,0,0,5.421801293874891,1.828836814385705,-0.2800772873109819,-1.019296398362641,-0.014533957478488386,-0.2598227626312749
541,6.101572189300345,1.3086691807981634,0,0,4.977757111640606,1.5075938368837607,-0.6784116687667512,-1.1637609782069271,-0.07291832877261652,-0.3207429126423838
542,5.992889274412391,1.437510726322748,0,0,4.575630855791611,1.1511281284311616,-1.0323962560915712,-1.2541058290075777,-0.045384785251099014,-0.29815049384805076
543,6.281874875322731,1.5464418752990183,0,0,4.6853718031277785,0.8396732726569223,-1.2020695975831648,-1.7325332284346582,-0.016879379165563112,-0.1696434643376885
544,6.943333831662303,1.6210883265692155,0,0,6.5667226305217365,0.1829047836161879,-0.7401130549792698,-2.624095494298606,0.20601658280322674,-0.031120154019376657
545,7.9166831627440075,1.6512607027792803,0,0,7.400073977869405,0.6926887396275281,0.2327955167529911,-2.149526529127619,0.5987686199561172,0.014385513072228677
546,9.111778886929105,1.6322086425464297,0,0,7.871359845489962,0.09412706527903344,0.055844030887288024,-1.873137043956052,0.2567112378640925,0.11907804340083328
547,10.417920642037878,1.5649641673703831,0,0,9.01382602004155,-3.5308380471951235,-3.055784062261655,-1.948300455123824,0.06134328417376059,0.2192086246949985
548,11.715119356415554,1.455770983535424,0,0,11.257274122851761,-5.01803720385064,-3.4329067962706876,-0.6236887703393987,-0.26190594430826025,-0.02293951442075092
549,12.886417320518467,1.3148077749205387,0,0,12.07182044579607,-4.534159863945801,-2.983295765598568,0.441271965642749,-0.7551790679043445,-0.2554253163974945
550,13.829842957580544,1.1545495619688484,0,0,12.506880809548425,-1.649099047172533,-2.171659213292089,0.41600400474618093,-0.8475316994094171,-0.3004957367627472
551,14.468514773753812,0.9881290673515556,0,0,18.017494406441443,-1.3904341525956214,6.974009329024752,-0.03037360702112137,-0.28059700840330093,-0.3323996581404697
552,14.757512800017286,0.8279709471615836,0,0,18.71687251843884,-3.9417471411764136,11.41980634947977,-0.3547182705999332,0.45963576535090556,-0.755436968906522
553,14.686493142608466,0.6848289759503878,0,0,11.358293308328042,-0.6336174738732925,2.530949510542741,0.360057939184466,-0.08198353219265944,-0.9138660691859013
554,14.27777678524227,0.567220516624539,0,0,9.403315429597587,2.9045839891869427,1.7718828317597004,-0.17194417519137448,-0.08299602603156767,-0.5708799963233931
555,13.5807006570858,0.4811663954304193,0,0,9.88360757163714,1.4242583963901212,3.8710681582964863,-0.18260839193152434,0.07213417558763295,-0.5432300850232981
556,12.663833103405054,0.43012322433826355,0,0,13.243054034374243,0.1077477214390701,3.066495026748923,-0.0049115703689613524,-0.2348513835637989,-0.5433624612008241
557,11.606705265211753,0.4150246576519973,0,0,13.94373086047044,-1.4242881588997767,1.2899954018230526,-0.08763407599669835,0.02328470576188189,-0.38041009917104324
558,10.492120280142736,0.4343967661795797,0,0,9.710297685426841,-0.9988398251565583,0.04503487894745912,-0.015537305607146324,0.0066906421254542756,-0.27151097077225456
559,9.399495113698329,0.48455558652405045,0,0,8.04774240951928,-1.4658371168868,0.03651851323448127,0.12701161513274287,-0.06752693032160567,-0.2345063310209836
560,8.399469891323632,0.5599171070598697,0,0,6.983016622919454,-1.3255244266491248,-0.24232848699312834,0.5236894256537065,-0.06459901726665013,-0.15986020251021346
561,7.550056824270037,0.6534424544633937,0,0,6.783683514625053,-1.0583375872938798,-0.10632879891786168,0.7278899947453078,-0.08647057710716739,-0.07790268883999274
562,6.894558726157926,0.7572084128424761,0,0,6.736582524186963,-0.6834253950908837,0.09895580019780431,0.8092517911601165,-0.0934801430841642,-0.04457035980333414
563,6.461233961881173,0.8630571352220954,0,0,6.828643071847305,-0.36577723970629983,-0.7008189222831672,0.871757136256252,-0.09667675212000963,-0.0352598013738842
564,6.264341365472311,0.9632605223985219,0,0,6.875234454429509,-0.6890137979269984,-1.5067872445689432,0.9326555689161691,-0.08021017975463282,-0.03552448533738758
565,6.3059442756863024,1.0511377934419195,0,0,7.395642396403038,-0.5441220094742883,-1.3642425094296724,1.1131129303084886,-0.03181988297442878,-0.025555203548459794
566,6.577788419857441,1.1215774849477547,0,0,7.533917572641981,-0.01162673628505419,-1.165271409436831,1.071244883404793,-0.01621649175439073,-0.016322351701044274
567,7.062708309177113,1.1714257651499447,0,0,7.284468232701716,-0.5488305338998198,-0.5838211059661786,0.9856625222700153,-0.0942607634519922,-0.0069049895233897094
568,7.7353143535216,1.1997065267143114,0,0,7.168396658260604,-1.0154890967137018,-1.657626312682711,1.2939688846402848,-0.16550159464145248,-0.03356238112829944
569,8.562071634133725,1.2076340208850715,0,0,7.9475959443107405,-0.36327717219429445,-1.4474305212863217,1.6732770646655357,-0.2219968416878894,-0.10364965795779199
570,9.501179769378949,1.198372586806165,0,0,9.080056370203586,0.6599365220663291,-1.1164875056382402,1.5066770708071757,-0.3372718349987545,-0.14885120356053894
571,10.502812470458242,1.1765127301001903,0,0,10.058303900078219,1.1925599334584787,-0.9741054973490432,1.18753893459659,-0.3278696310425636,-0.13982852066928322
572,11.510263992441987,1.147291168520906,0,0,10.009444963553584,1.0488741951702367,-1.6379746008233254,0.613587940555842,-0.2940852620502489,-0.05710445906544243
573,12.462418753145034,1.1156734406772844,0,0,9.245384920913825,1.4343892997056917,-0.7774046544950646,0.8114086928015606,-0.2925499541201863,0.02886947632797233
574,13.297721776340099,1.0854904102366774,0,0,11.449126175089923,3.7067460026675696,0.03923022405532749,0.55318712147387,-0.6097652537398554,0.10763280264612157
575,13.95943536966087,1.0588254658254357,0,0,15.645290141938098,5.530525432678167,2.98147906706216,0.7157891576717919,-0.49424182817568,0.2857201625953828
576,14.401438508304876,1.0357831889268436,0,0,18.101182680510615,7.6761729399145375,6.425087351021709,0.4377173327040468,0.2642521962688603,0.7827131537573628
577,14.593402191582342,1.0146700686164003,0,0,12.675089613232531,2.166265677185256,4.263069546414447,-1.3457412093821686,0.17957951190579902,0.8465692000085947
578,14.524219895912617,0.9925287596188351,0,0,10.099023094088919,-3.637788065495587,2.4914424302688403,0.028096295188769837,-0.20869661620437915,0.4651665119247998
579,14.203150853879833,0.9659174071877625,0,0,12.885465610102205,-4.893523883957685,3.7732643514964237,0.5447256912277084,-0.08702395670362731,0.2975139023767666
580,13.658811459599896,0.9318112484453938,0,0,14.929403904293595,-1.9144765550307412,1.5441146793732043,0.8870411343534627,-0.010388734749290154,0.21237093664379675
581,12.936441333648075,0.8884912345024202,0,0,14.297266962166859,1.1733465997547508,1.380619930273993,1.3652589187024575,0.3029795933181316,0.11089372212675798
582,12.093786339742959,0.836249730644262,0,0,11.756148648369518,2.770961979698802,1.6553011733919827,1.6076667133656182,0.4236355255249936,0.09404188912772184
583,11.195866340880803,0.7777170784797478,0,0,9.755103238383182,3.1202580796897825,2.1824627911639154,1.06533415326287,0.41362202095299744,0.1351484333728867
584,10.309046868680639,0.7176576347121373,0,0,9.06391861259624,1.900116278558435,1.5663878514729506,0.3812858291593969,0.39735744005085716,0.12538941805311932
585,9.495072192898215,0.6622198865142916,0,0,8.288869793874643,0.9674783484517601,1.6294046837199856,0.16458324018910048,0.3879310904998029,0.0864568921230137
586,8.805810088885229,0.6177961790448545,0,0,7.967853382148313,0.7300378277724121,0.8297321396187307,-0.07774986263645099,0.2427240706664086,0.050943332820178426
587,8.279322741123678,0.5897671760464229,0,0,8.02071712462347,0.7874421571852038,-0.14134524257843728,-0.17895672014422395,0.1967238353965622,0.02688242807214509
588,7.9375854346855625,0.5814265383563927,0,0,8.205399301622718,1.299516972091275,-0.2799616639987698,-0.24997076832124207,0.15179505435429858,0.009403286922748718
589,7.785852672215137,0.5933134766888668,0,0,8.55537828915462,1.7507717376308358,-0.12506206582646145,-0.46730966046874045,0.18712776539119697,-0.023255080151904972
590,7.813436568313561,0.6230662095820901,0,0,8.04553420927512,2.136479399847708,0.5206482215408675,-0.6006111572468453,0.17099541572503432,-0.0480204424803702
591,7.995587912925919,0.6657891954961793,0,0,7.329282872070267,1.935922546988111,0.5607577589752143,-0.7461742836421255,0.07322006835101565,-0.038216600812774254
592,8.29625355244698,0.7148313308503133,0,0,7.039663582589991,1.785426694814511,0.7027605475740333,-0.6903533823364019,-0.046228204328726104,-0.014339433482726977
593,8.671630004712856,0.76281597076958,0,0,7.268679634973022,1.7142949999077635,0.4784135323438427,-0.7997364842092093,-0.13072256958176992,0.06396542131014696
594,9.074498542085587,0.8027441652879715,0,0,7.833985241883815,1.2775430918792536,0.289572588286589,-0.9591170207803628,-0.18940718774267748,0.1290765468726831
